City,Country,R0,Population,Density,Temperature,RH,Daylight,UV,Longitude,Latitude,Elevation,Day0,DayS,DayE,retail_and_recreation_lag2,grocery_and_pharmacy_lag2,parks_lag2,transit_stations_lag2,workplace_lag2,residential_lag2,IHRcapacity,GDP_country,GDP_city,Airqual_city,Airqual_country,Elder_city,Elder_country,Life_expect,CRD_prev,MeanStringencyIndex_lag2
Buenos Aires,Argentina,1.7755,15130000,4700,22.97391304,75.46956522,12.11684441,83.96469,-58.37722778,-34.61314881,6,65,06/03/2020,28/03/2020,3.782608696,11.43478261,4.260869565,5.043478261,-1.52173913,1.391304348,61,20610.56855,NA,NA,13.31183395,NA,17.1,76.9,0.087221952,13.52565217
Melbourne,Australia,1.6345,4450000,1600,18.40434783,63.35652174,11.9274832,75.55682,144.9633229,-37.81399656,7,70,11/03/2020,02/04/2020,-4.260869565,10.73913043,-4.52173913,0,-3.739130435,3.217391304,92,51663.36509,42674,14.3,8.550324401,20.3,22.6,82.9,0.143221751,22.21869565
Sydney,Australia,1.7332,4515000,2000,20.75769231,74.06923077,12.16653061,75.89098,151.2073231,-33.86784996,39,62,03/03/2020,28/03/2020,1.461538462,8.269230769,6.384615385,4.615384615,3.538461538,0.384615385,92,51663.36509,49860,7.1,8.550324401,20.5,22.6,82.9,0.143221751,19.44
Brussels,Belgium,1.4747,2135000,2700,7.248571429,69.63055556,11.92031242,52.5142,4.348783493,50.85044506,100,61,02/03/2020,05/04/2020,-22.08571429,-5.485714286,-8.828571429,-17.57142857,-16.88571429,6.314285714,84,51407.99834,74574,14.3,12.88651847,24.9,28,81.2,0.12455817,26.77228571
Liege,Belgium,1.6251,565000,2000,6.536111111,69.4,11.92092973,53.07729,5.567493439,50.63372987,186,61,02/03/2020,05/04/2020,-16.45714286,-4.057142857,-1.942857143,-14.31428571,-15,5.6,84,51407.99834,37304,11.7,12.88651847,28.9,28,81.2,0.12455817,26.77228571
Aracaju,Brazil,NA,830000,7100,28.36727273,57.90545455,12.42937996,119.3678,-37.07166667,-10.91111111,5,6,07/01/2020,01/03/2020,2,1,-19,-20,2,0.5,87,16096.40096,NA,NA,12.70662947,NA,11.4,75.1,0.083084112,5.200425532
Belem,Brazil,1.4841,2060000,8000,25.96949153,88.985,11.99321451,71.84414,-48.50444444,-1.455833333,10,55,25/02/2020,24/04/2020,-30.10714286,-7.928571429,-30.125,-17.46428571,-14.60714286,7.482142857,87,16096.40096,NA,NA,12.70662947,NA,11.4,75.1,0.083084112,NA
Belo Horizonte,Brazil,1.5875,4800000,3800,22.57254902,75.19807692,12.23896585,92.26981,-43.93777778,-19.92083333,850,41,11/02/2020,02/04/2020,0.5,10.26470588,24.23529412,8.382352941,4.235294118,1.029411765,87,16096.40096,NA,NA,12.70662947,NA,11.4,75.1,0.083084112,16.39
Blumenau,Brazil,1.3055,735000,7100,21.725,76.14333333,11.43192705,78.45191,-49.06611111,-26.91944444,86,72,13/03/2020,11/05/2020,-41.8,-12.26666667,-44.15,-46.03333333,-25.71666667,14,87,16096.40096,NA,NA,12.70662947,NA,11.4,75.1,0.083084112,68.7715
Brasilia,Brazil,1.1927,3320000,3400,21.49661017,79.72,11.86674821,88.74261,-47.8836262,-15.8004769,1159,59,29/02/2020,28/04/2020,-28.76666667,-2.683333333,-24.71666667,-23.46666667,-17.85,10.38333333,87,16096.40096,NA,NA,12.70662947,NA,11.4,75.1,0.083084112,46.7115
Campinas,Brazil,1.2162,2770000,3000,21.81525424,66.06,11.65214407,94.08629,-47.06083333,-22.90555556,661,66,07/03/2020,05/05/2020,-42,-9.083333333,-33.83333333,-35.1,-24.81666667,12.83333333,87,16096.40096,NA,NA,12.70662947,NA,11.4,75.1,0.083084112,57.03766667
Campo Grande,Brazil,1.2444,865000,3000,25.01016949,60.85333333,11.90038526,103.8198,-54.64638889,-20.44277778,530,55,25/02/2020,24/04/2020,-26.83928571,-5.982142857,-22.57142857,-21.98214286,-10.25,6.482142857,87,16096.40096,NA,NA,12.70662947,NA,11.4,75.1,0.083084112,40.57083333
Cuiaba,Brazil,1.4747,765000,2100,28.03913043,71.86170213,12.11966286,101.3527,-56.09666667,-15.59611111,151,48,18/02/2020,04/04/2020,-5.305555556,2.666666667,-11.77777778,0.055555556,0.666666667,1.361111111,87,16096.40096,NA,NA,12.70662947,NA,11.4,75.1,0.083084112,17.71
Curitiba,Brazil,1.8601,3190000,3800,20.56363636,69.45217391,12.18040407,98.82032,-49.27305556,-25.42777778,924,61,02/03/2020,24/03/2020,-1.652173913,3.826086957,7,7,5.52173913,0.130434783,87,16096.40096,NA,NA,12.70662947,NA,11.4,75.1,0.083084112,11.11
Feira de Santana,Brazil,1.4465,595000,5100,24.65849057,83.97818182,11.63500946,73.46548,-38.96666667,-12.26666667,231,85,26/03/2020,22/05/2020,-47.31034483,-12.63793103,-44.70689655,-62.63793103,-27.29310345,14.70689655,87,16096.40096,NA,NA,12.70662947,NA,11.4,75.1,0.083084112,76.03896552
Florianopolis,Brazil,4.9292,925000,5100,24.06,71.8,12.33546409,100.3263,-48.54916667,-27.59666667,1,57,27/02/2020,18/03/2020,-9.210526316,-2,-14.89473684,2.263157895,2.263157895,0.894736842,87,16096.40096,NA,NA,12.70662947,NA,11.4,75.1,0.083084112,11.11
Fortaleza,Brazil,1.3854,3480000,6200,27.84576271,79.03333333,12.00931044,96.16763,-38.54305556,-3.717222222,25,47,17/02/2020,16/04/2020,-34.25,-10.72916667,-43.54166667,-25.72916667,-19.41666667,8.375,87,16096.40096,NA,NA,12.70662947,NA,11.4,75.1,0.083084112,35.04766667
Goiania,Brazil,1.6956,2340000,2900,24.26578947,80.44615385,12.20661454,99.73582,-49.25388889,-16.67861111,747,47,17/02/2020,26/03/2020,-3.851851852,1,-5.185185185,0.407407407,3.592592593,0.518518519,87,16096.40096,NA,NA,12.70662947,NA,11.4,75.1,0.083084112,11.11
Joao Pessoa,Brazil,1.423,1085000,5600,26.85,77.89642857,11.94125006,103.3025,-34.86305556,-7.115,7,59,29/02/2020,28/04/2020,-38.95,-12.18333333,-48.55,-40.68333333,-19.98333333,10.25,87,16096.40096,NA,NA,12.70662947,NA,11.4,75.1,0.083084112,44.35933333
Joinville,Brazil,1.1598,560000,3100,21.25081967,82.25245902,11.49518832,77.42821,-48.84555556,-26.30444444,4,70,11/03/2020,09/05/2020,-37.88333333,-10.35,-27.98333333,-32.93333333,-23.5,12.66666667,87,16096.40096,NA,NA,12.70662947,NA,11.4,75.1,0.083084112,66.11716667
Juiz de Fora,Brazil,1.1927,545000,6000,20.67857143,82.75333333,11.63182015,76.80122,-43.35027778,-21.76416667,939,68,09/03/2020,07/05/2020,-43.95,-14.85,-38.65,-48.65,-25.86666667,12.56666667,87,16096.40096,NA,NA,12.70662947,NA,11.4,75.1,0.083084112,56.68033333
Jundiai,Brazil,1.2491,8.00E+05,2600,21.42033898,65.37166667,11.52114478,89.65561,-46.88416667,-23.18638889,661,72,13/03/2020,11/05/2020,-48.85,-14.16666667,-36.53333333,-29.93333333,-24.48333333,14.28333333,87,16096.40096,NA,NA,12.70662947,NA,11.4,75.1,0.083084112,64.63066667
Londrina,Brazil,2.9787,720000,4000,25.57368421,64.94,12.17488249,112.7123,-51.16277778,-23.31027778,569,62,03/03/2020,22/03/2020,-2.8,-0.9,21.45,-0.35,4.55,0.4,87,16096.40096,NA,NA,12.70662947,NA,11.4,75.1,0.083084112,11.11
Maceio,Brazil,1.5687,995000,7000,27.21578947,78.6097561,11.88545763,101.4271,-35.73527778,-9.665833333,64,63,04/03/2020,02/05/2020,-39.48333333,-15.41666667,-39.35,-29.78333333,-21.7,9.583333333,87,16096.40096,NA,NA,12.70662947,NA,11.4,75.1,0.083084112,47.894
Manaus,Brazil,1.4888,2010000,6000,27.21578947,78.6097561,12.00776598,83.07982,-60.025,-3.101944444,72,47,17/02/2020,16/04/2020,-21.22916667,-0.208333333,-20.41666667,-6.625,-6.333333333,4.395833333,87,16096.40096,NA,NA,12.70662947,NA,11.4,75.1,0.083084112,30.31566667
Maringa,Brazil,2.2314,515000,3300,27.95555556,62.42,12.08471869,103.4003,-51.93861111,-23.42527778,542,71,12/03/2020,21/03/2020,2.5,-1.6,-16.3,20.9,14.5,-1.1,87,16096.40096,NA,NA,12.70662947,NA,11.4,75.1,0.083084112,11.11
Natal,Brazil,1.5687,1165000,4700,27.84,80.57647059,12.05128977,107.3042,-35.20944444,-5.795,65,45,15/02/2020,04/04/2020,-11.41666667,-3,-7.777777778,-1.055555556,0.666666667,2.611111111,87,16096.40096,NA,NA,12.70662947,NA,11.4,75.1,0.083084112,20.4436
Porto Alegre,Brazil,3.0868,3500000,4000,25.65384615,75.34285714,12.23484106,94.77441,-51.23019,-30.03283,47,65,06/03/2020,18/03/2020,-9.384615385,-0.846153846,0.692307692,-5.769230769,-8.538461538,2.846153846,87,16096.40096,NA,NA,12.70662947,NA,11.4,75.1,0.083084112,11.11
Porto Velho,Brazil,1.5828,5.00E+05,5900,26.14745763,86.71,11.92745254,78.917,-63.90388889,-8.761944444,102,59,29/02/2020,28/04/2020,-22.88333333,-3.266666667,-20.65,-33.38333333,-9.833333333,6.583333333,87,16096.40096,NA,NA,12.70662947,NA,11.4,75.1,0.083084112,46.86766667
Recife,Brazil,1.4606,3570000,6900,28.52881356,76.11833333,11.97669497,101.5018,-34.88111111,-8.053888889,19,53,23/02/2020,22/04/2020,-34.05555556,-10.03703704,-19.66666667,-23.62962963,-19.7037037,8.740740741,87,16096.40096,NA,NA,12.70662947,NA,11.4,75.1,0.083084112,36.92866667
Ribeirao Preto,Brazil,1.3572,685000,3800,23.99354839,68.38787879,11.92375644,101.0412,-47.81027778,-21.1775,549,67,08/03/2020,09/04/2020,-18.36363636,-5.424242424,-15.09090909,-15.3030303,-4.939393939,5.363636364,87,16096.40096,NA,NA,12.70662947,NA,11.4,75.1,0.083084112,34.90363636
Rio de Janeiro,Brazil,1.4606,12070000,6300,24.75862069,79.66,12.01715673,84.05325,-43.18223,-22.90642,3,49,19/02/2020,18/04/2020,-29.44,-7.88,-21.06,-21.64,-17.22,8.46,87,16096.40096,NA,NA,12.70662947,NA,11.4,75.1,0.083084112,37.7925
Salvador,Brazil,1.4324,3325000,7800,28.04915254,81.68,12.03276667,102.4436,-38.641,-12.875,6,47,17/02/2020,16/04/2020,-27.47916667,-9.333333333,-29.39583333,-20.14583333,-15.66666667,8.854166667,87,16096.40096,NA,NA,12.70662947,NA,11.4,75.1,0.083084112,30.53966667
Santos,Brazil,1.2679,1735000,5800,20.49206349,70.00153846,11.67844124,90.98351,-46.33361111,-23.96083333,803,64,05/03/2020,03/05/2020,-43.66666667,-13.06666667,-55.43333333,-30.4,-23.08333333,11.76666667,87,16096.40096,NA,NA,12.70662947,NA,11.4,75.1,0.083084112,54.50666667
Sao Jose dos Campos,Brazil,1.8037,735000,3200,17.14615385,75.36153846,12.02732829,88.58957,-45.88694444,-23.17944444,646,72,13/03/2020,25/03/2020,-0.846153846,2.153846154,5.923076923,5.461538462,16,-0.846153846,87,16096.40096,NA,NA,12.70662947,NA,11.4,75.1,0.083084112,11.11
Sao Luis,Brazil,1.4512,1170000,1400,26.0462963,89.62105263,11.98145005,85.71548,-44.30277778,-2.529722222,56,58,28/02/2020,27/04/2020,-31.38983051,-3.06779661,-26.89830508,-30.3559322,-18.47457627,8.305084746,87,16096.40096,NA,NA,12.70662947,NA,11.4,75.1,0.083084112,40.7855
Sao Paulo,Brazil,1.4559,20935000,6900,22.25555556,73.36166667,12.3080909,91.16923,-46.63611111,-23.5475,722,36,06/02/2020,05/04/2020,-9.108108108,5.324324324,0.054054054,-2.675675676,-0.027027027,2.567567568,87,16096.40096,NA,NA,12.70662947,NA,11.4,75.1,0.083084112,18.88783333
Sorocaba,Brazil,1.2726,760000,2700,20.08166667,71.53833333,11.49281288,89.05144,-47.45805556,-23.50166667,632,73,14/03/2020,12/05/2020,-41.55,-12.43333333,-29.6,-35.1,-23.7,12.83333333,87,16096.40096,NA,NA,12.70662947,NA,11.4,75.1,0.083084112,65.89616667
Teresina,Brazil,1.4371,990000,4500,27.41034483,82.38666667,11.9312141,87.67114,-42.80194444,-5.089166667,74,65,06/03/2020,04/05/2020,-46.08333333,-17.03333333,-39.51666667,-45.6,-27.73333333,13.76666667,87,16096.40096,NA,NA,12.70662947,NA,11.4,75.1,0.083084112,53.60283333
Uberlandia,Brazil,1.3807,645000,3300,24.25806452,65.83888889,12.0400859,102.2307,-48.27722222,-18.91861111,869,60,01/03/2020,04/04/2020,-2.8,6.028571429,5.914285714,5.085714286,1.942857143,1.857142857,87,16096.40096,NA,NA,12.70662947,NA,11.4,75.1,0.083084112,22.84371429
Vitoria,Brazil,1.8319,1280000,3800,25.45925926,78.07096774,11.84990794,90.17939,-40.33778,-20.31944,36,72,13/03/2020,12/04/2020,-28.4516129,-4.387096774,-34.38709677,-32.35483871,-8.580645161,8.806451613,87,16096.40096,NA,NA,12.70662947,NA,11.4,75.1,0.083084112,39.99290323
Ouagadougou,Burkina Faso,2.2737,2910000,6200,33.79090909,27.30909091,11.99756382,109.0559,-1.533880234,12.36565798,316,74,15/03/2020,25/03/2020,1.272727273,0,-7.636363636,2,-0.636363636,-0.454545455,44,1984.884306,NA,NA,42.93559251,NA,4.6,60.3,0.053879989,0
Calgary,Canada,2.5463,1320000,2100,-7.253846154,62.69230769,11.46430988,55.67167,-114.0852852,51.05011228,1077,65,06/03/2020,18/03/2020,3.230769231,5.461538462,10.84615385,2.846153846,4.461538462,-0.615384615,99,48130.25597,NA,6.8,6.428383133,17.3,23.8,82.8,0.103676646,2.78
Edmonton,Canada,1.8507,1130000,1900,-8.9,64.86153846,11.48503212,64.60113,-113.4687122,53.55013594,671,66,07/03/2020,19/03/2020,6.153846154,6.846153846,5.153846154,4.384615385,3.692307692,-0.307692308,99,48130.25597,NA,6.2,6.428383133,18.6,23.8,82.8,0.103676646,2.78
Montreal,Canada,2.3959,3600000,2700,-1.09,66.59,11.37232866,65.61869,-73.587809,45.5088375,63,58,28/02/2020,18/03/2020,2.052631579,0.315789474,9.263157895,-1.157894737,-0.578947368,0.736842105,99,48130.25597,NA,7.6,6.428383133,25.2,23.8,82.8,0.103676646,2.78
Toronto,Canada,1.9212,6630000,2800,-0.115384615,71.98269231,10.59428876,46.81406,-79.41630419,43.70011379,113,25,26/01/2020,17/03/2020,-0.777777778,1.222222222,15.05555556,-1,-3.5,1,99,48130.25597,NA,7,6.428383133,21.6,23.8,82.8,0.103676646,2.245384615
Vancouver,Canada,2.0622,2340000,2600,4.009803922,72.3,10.48587343,38.14917,-123.1193404,49.24965739,83,29,30/01/2020,20/03/2020,2.714285714,5.285714286,32.66666667,-0.857142857,-1.857142857,0.476190476,99,48130.25597,NA,5.8,6.428383133,22.2,23.8,82.8,0.103676646,2.452941176
Santiago,Chile,1.2773,6410000,5600,17.9546875,58.9359375,11.52094953,92.5211,-70.64826965,-33.45693774,520,64,05/03/2020,03/05/2020,-38.06666667,-14.1,-32.1,-33.25,-27.91666667,15.46666667,76,25222.52778,2832,24.7,21.03629906,16.1,15.2,79.5,0.085923041,40.0625
Anqing,China,2.4006,620000,6000,5.892307692,79.57857143,10.5414616,41.96274,117.047234,30.513646,62,23,24/01/2020,05/02/2020,NA,NA,NA,NA,NA,NA,93,18236.61298,NA,NA,52.66459583,NA,13.3,76.4,0.069226121,7.584615385
Anyang,China,2.1233,1400000,5700,-2.19,42.05,10.1463475,42.47051,126.9269444,37.3925,14,26,27/01/2020,05/02/2020,NA,NA,NA,NA,NA,NA,93,18236.61298,NA,NA,52.66459583,NA,13.3,76.4,0.069226121,9.026
Beijing,China,14.6065,19430000,4700,-1.625,46.325,10.07398958,41.15312,116.3972282,39.90749774,55,32,02/02/2020,05/02/2020,NA,NA,NA,NA,NA,NA,93,18236.61298,NA,NA,52.66459583,NA,13.3,76.4,0.069226121,12.845
Bengbu,China,2.2126,970000,2900,5.36,77.62666667,10.53142861,50.23978,117.3608333,32.9408333,28,27,28/01/2020,11/02/2020,NA,NA,NA,NA,NA,NA,93,18236.61298,NA,NA,52.66459583,NA,13.3,76.4,0.069226121,28.98133333
Bozhou,China,1.9917,715000,8600,4.478571429,73.26428571,10.40523473,47.36167,115.7702778,33.8772222,40,25,26/01/2020,08/02/2020,NA,NA,NA,NA,NA,NA,93,18236.61298,NA,NA,52.66459583,NA,13.3,76.4,0.069226121,16.46785714
Cangzhou,China,3.3641,610000,2600,1.223076923,61.56153846,10.01785984,46.75261,116.8666667,38.3166667,13,23,24/01/2020,04/02/2020,NA,NA,NA,NA,NA,NA,93,18236.61298,NA,NA,52.66459583,NA,13.3,76.4,0.069226121,6.0175
Changchun,China,4.0268,3675000,4600,-13.07368421,65.25263158,9.721840628,42.09068,125.3227778,43.88,238,23,24/01/2020,11/02/2020,NA,NA,NA,NA,NA,NA,93,18236.61298,NA,NA,52.66459583,NA,13.3,76.4,0.069226121,23.46526316
Changde,China,2.1468,7.00E+05,5400,7.411111111,71.08888889,10.64862132,49.68818,111.69844,29.03205,35,26,27/01/2020,04/02/2020,NA,NA,NA,NA,NA,NA,93,18236.61298,NA,NA,52.66459583,NA,13.3,76.4,0.069226121,7.096666667
Changsha,China,2.4241,3900000,5300,6.55,80.95,10.64300418,33.86387,112.9708672,28.19873973,120,21,22/01/2020,04/02/2020,NA,NA,NA,NA,NA,NA,93,18236.61298,NA,NA,52.66459583,NA,13.3,76.4,0.069226121,5.555
Changzhou,China,1.752,3210000,3300,5.792307692,78.6,10.51703539,46.66867,119.954007,31.773585,8,25,26/01/2020,07/02/2020,NA,NA,NA,NA,NA,NA,93,18236.61298,NA,NA,52.66459583,NA,13.3,76.4,0.069226121,14.06615385
Chengdu,China,2.5886,12160000,6700,7.36,81.44,10.44988229,33.48559,104.0666667,30.6666667,549,21,22/01/2020,31/01/2020,NA,NA,NA,NA,NA,NA,93,18236.61298,NA,NA,52.66459583,NA,13.3,76.4,0.069226121,4.445
Chenzhou,China,1.7003,830000,6200,6.373333333,86.3,10.84617224,33.48851,113.0333333,25.8,368,24,25/01/2020,08/02/2020,NA,NA,NA,NA,NA,NA,93,18236.61298,NA,NA,52.66459583,NA,13.3,76.4,0.069226121,15.55533333
Dalian,China,2.5087,4085000,4200,-1.9375,57.7375,9.992371215,41.98811,121.6022222,38.9122222,97,22,23/01/2020,06/02/2020,NA,NA,NA,NA,NA,NA,93,18236.61298,NA,NA,52.66459583,NA,13.3,76.4,0.069226121,9.752666667
Dongguan,China,2.0669,8410000,4800,12.60833333,73.83333333,10.99479777,53.33226,113.74866,23.01797,71,26,27/01/2020,07/02/2020,NA,NA,NA,NA,NA,NA,93,18236.61298,NA,NA,52.66459583,NA,13.3,76.4,0.069226121,15.00666667
Ezhou,China,2.5275,750000,3900,6.5375,69.3875,10.58249135,54.69759,114.8333333,30.4,75,27,28/01/2020,04/02/2020,NA,NA,NA,NA,NA,NA,93,18236.61298,NA,NA,52.66459583,NA,13.3,76.4,0.069226121,7.63625
Fuyang.AH,China,2.1515,670000,7200,4.6,78.28181818,10.3445058,41.53904,115.8166667,32.9,33,22,23/01/2020,02/02/2020,NA,NA,NA,NA,NA,NA,93,18236.61298,NA,NA,52.66459583,NA,13.3,76.4,0.069226121,5.302727273
Fuzhou (FJ),China,3.9516,3940000,5400,13.45714286,79.81428571,10.71441114,35.24027,119.3061111,26.0613889,85,22,23/01/2020,29/01/2020,NA,NA,NA,NA,NA,NA,93,18236.61298,NA,NA,52.66459583,NA,13.3,76.4,0.069226121,3.572857143
Fuzhou (JX),China,2.1468,1015000,8700,7.785714286,82.58571429,10.74548313,33.92213,116.415177,27.5022322,82,24,25/01/2020,07/02/2020,NA,NA,NA,NA,NA,NA,93,18236.61298,NA,NA,52.66459583,NA,13.3,76.4,0.069226121,13.26
Ganzhou,China,1.4371,1565000,4800,9.40625,78.43125,10.85396204,41.60482,114.7753716,25.85088174,134,24,25/01/2020,09/02/2020,NA,NA,NA,NA,NA,NA,93,18236.61298,NA,NA,52.66459583,NA,13.3,76.4,0.069226121,18.9525
Guangzhou-Foshan,China,1.6345,20130000,5200,14.24705882,76.62941176,10.96525321,48.1167,113.25,23.1166667,71,22,23/01/2020,08/02/2020,NA,NA,NA,NA,NA,NA,93,18236.61298,NA,NA,52.66459583,NA,13.3,76.4,0.069226121,14.05235294
Guilin,China,2.7296,1020000,9600,8.028571429,68.22857143,10.77667129,52.76329,110.2863889,25.2819444,166,23,24/01/2020,30/01/2020,NA,NA,NA,NA,NA,NA,93,18236.61298,NA,NA,52.66459583,NA,13.3,76.4,0.069226121,4.365714286
Haikou,China,1.4371,1835000,4000,18.4,81.68125,11.16903041,58.80676,110.3416667,20.0458333,64,26,27/01/2020,11/02/2020,NA,NA,NA,NA,NA,NA,93,18236.61298,NA,NA,52.66459583,NA,13.3,76.4,0.069226121,27.34375
Hangzhou,China,2.7061,6960000,5200,6.7,68.65555556,10.55299773,45.24036,120.161419,30.29365,43,25,26/01/2020,03/02/2020,NA,NA,NA,NA,NA,NA,93,18236.61298,NA,NA,52.66459583,NA,13.3,76.4,0.069226121,6.48
Hefei,China,2.4053,4010000,5500,4.341666667,81.35833333,10.44773812,43.9949,117.280833,31.863889,27,23,24/01/2020,04/02/2020,NA,NA,NA,NA,NA,NA,93,18236.61298,NA,NA,52.66459583,NA,13.3,76.4,0.069226121,6.0175
Hengyang,China,2.0481,1235000,4300,0.68,87.12,10.77708617,47.77428,112.61888,26.88946,1279,26,27/01/2020,05/02/2020,NA,NA,NA,NA,NA,NA,93,18236.61298,NA,NA,52.66459583,NA,13.3,76.4,0.069226121,9.026
Huaihua,China,2.2173,650000,4800,6.207692308,86.81538462,10.75259745,34.67546,110.00404,27.56337,273,25,26/01/2020,07/02/2020,NA,NA,NA,NA,NA,NA,93,18236.61298,NA,NA,52.66459583,NA,13.3,76.4,0.069226121,14.06615385
Huainan,China,1.8178,1535000,4800,4.507142857,79.33571429,10.50751316,49.43411,116.9969444,32.6263889,28,26,27/01/2020,09/02/2020,NA,NA,NA,NA,NA,NA,93,18236.61298,NA,NA,52.66459583,NA,13.3,76.4,0.069226121,21.26285714
Huangshi,China,3.2466,1510000,5700,6.5375,69.3875,10.59124727,55.36419,115.04814,30.24706,75,27,28/01/2020,04/02/2020,NA,NA,NA,NA,NA,NA,93,18236.61298,NA,NA,52.66459583,NA,13.3,76.4,0.069226121,7.63625
Huizhou,China,1.564,1635000,7900,15.5125,69.04375,10.99141296,54.19107,114.41523,23.11147,18,24,25/01/2020,09/02/2020,NA,NA,NA,NA,NA,NA,93,18236.61298,NA,NA,52.66459583,NA,13.3,76.4,0.069226121,18.9525
Jiaxing,China,1.3196,1410000,7800,7.04375,76.0125,10.56515761,40.07539,120.749997,30.752198,43,23,24/01/2020,08/02/2020,NA,NA,NA,NA,NA,NA,93,18236.61298,NA,NA,52.66459583,NA,13.3,76.4,0.069226121,14.756875
Jingzhou,China,2.9646,805000,5200,6.675,79.46666667,10.63564225,51.76592,112.1902778,30.3502778,33,27,28/01/2020,08/02/2020,NA,NA,NA,NA,NA,NA,93,18236.61298,NA,NA,52.66459583,NA,13.3,76.4,0.069226121,18.74916667
Jinhua,China,2.2831,750000,4000,8.308333333,74.63333333,10.67986229,38.30404,120,29.1077778,62,26,27/01/2020,07/02/2020,NA,NA,NA,NA,NA,NA,93,18236.61298,NA,NA,52.66459583,NA,13.3,76.4,0.069226121,15.00666667
Jiujiang,China,2.7578,740000,3400,-0.216666667,84.86666667,10.60106703,44.09057,115.80225,29.47794,1165,24,25/01/2020,04/02/2020,NA,NA,NA,NA,NA,NA,93,18236.61298,NA,NA,52.66459583,NA,13.3,76.4,0.069226121,6.311818182
Kunming,China,2.6544,3730000,5200,8.472727273,63.81818182,10.7912083,61.66588,102.7183333,25.0388889,1892,21,22/01/2020,01/02/2020,NA,NA,NA,NA,NA,NA,93,18236.61298,NA,NA,52.66459583,NA,13.3,76.4,0.069226121,4.798181818
Lianyungang,China,1.5828,1115000,3400,3.472222222,67.87222222,10.36490213,46.68074,118.87344,34.56743,10,23,24/01/2020,10/02/2020,NA,NA,NA,NA,NA,NA,93,18236.61298,NA,NA,52.66459583,NA,13.3,76.4,0.069226121,20.885
Loudi,China,2.2549,765000,13400,6.5,81.21538462,10.72178111,38.86594,111.9944444,27.7344444,310,24,25/01/2020,06/02/2020,NA,NA,NA,NA,NA,NA,93,18236.61298,NA,NA,52.66459583,NA,13.3,76.4,0.069226121,10.82538462
Luohe,China,1.8366,790000,5100,4.338461538,73.86153846,10.43039766,50.07718,113.9130556,33.6880556,53,26,27/01/2020,08/02/2020,NA,NA,NA,NA,NA,NA,93,18236.61298,NA,NA,52.66459583,NA,13.3,76.4,0.069226121,17.52076923
Nanchang,China,2.5792,2945000,4300,7.116666667,79.9,10.61416073,35.87669,115.85306,28.68396,50,22,23/01/2020,03/02/2020,NA,NA,NA,NA,NA,NA,93,18236.61298,NA,NA,52.66459583,NA,13.3,76.4,0.069226121,5.555
Nanjing,China,1.7285,6125000,4100,6.425,77.865,10.54317422,43.39452,118.7777778,32.0616667,36,23,24/01/2020,12/02/2020,NA,NA,NA,NA,NA,NA,93,18236.61298,NA,NA,52.66459583,NA,13.3,76.4,0.069226121,25.7875
Nanning,China,1.9964,2840000,5800,11.96,67.34,10.96968219,48.03039,108.3166667,22.8166667,126,25,26/01/2020,04/02/2020,NA,NA,NA,NA,NA,NA,93,18236.61298,NA,NA,52.66459583,NA,13.3,76.4,0.069226121,6.665
Nantong,China,1.9776,1275000,2400,4.990909091,78.67272727,10.50119944,50.19513,120.874722,32.030278,10,26,27/01/2020,06/02/2020,NA,NA,NA,NA,NA,NA,93,18236.61298,NA,NA,52.66459583,NA,13.3,76.4,0.069226121,12.28818182
Nanyang,China,1.8695,1540000,7000,4.276923077,71.98461538,10.4444808,49.51112,112.5327778,32.9947222,181,25,26/01/2020,07/02/2020,NA,NA,NA,NA,NA,NA,93,18236.61298,NA,NA,52.66459583,NA,13.3,76.4,0.069226121,14.06615385
Ningbo,China,1.8601,3525000,3800,7.33,70.57,10.61277948,53.41309,121.549453,29.878186,37,26,27/01/2020,05/02/2020,NA,NA,NA,NA,NA,NA,93,18236.61298,NA,NA,52.66459583,NA,13.3,76.4,0.069226121,9.026
Panjin,China,4.4216,830000,2800,-7.76,57.01,9.950309266,45.87011,121.9936111,41.1316667,4,28,29/01/2020,07/02/2020,NA,NA,NA,NA,NA,NA,93,18236.61298,NA,NA,52.66459583,NA,13.3,76.4,0.069226121,17.452
Pingdingshan,China,2.081,1120000,6200,4.454545455,65.84545455,10.3984243,49.10833,113.301194,33.738472,107,26,27/01/2020,06/02/2020,NA,NA,NA,NA,NA,NA,93,18236.61298,NA,NA,52.66459583,NA,13.3,76.4,0.069226121,12.28818182
Pingxiang,China,2.9035,625000,9700,8.009090909,73.64545455,10.74909975,44.75158,113.853527,27.616722,129,26,27/01/2020,06/02/2020,NA,NA,NA,NA,NA,NA,93,18236.61298,NA,NA,52.66459583,NA,13.3,76.4,0.069226121,12.28818182
Qianjiang,China,2.645,535000,8600,6.790909091,79.48181818,10.61896479,50.60417,112.8919,30.421,33,27,28/01/2020,07/02/2020,NA,NA,NA,NA,NA,NA,93,18236.61298,NA,NA,52.66459583,NA,13.3,76.4,0.069226121,16.11818182
Qingdao,China,2.9129,5915000,3600,2.7,66.43333333,10.17644205,45.5393,120.38042,36.06488,77,23,24/01/2020,04/02/2020,NA,NA,NA,NA,NA,NA,93,18236.61298,NA,NA,52.66459583,NA,13.3,76.4,0.069226121,6.0175
Sanya,China,1.3384,550000,3600,18.26315789,90.83684211,11.21605796,68.97305,109.505,18.2430556,420,22,23/01/2020,10/02/2020,NA,NA,NA,NA,NA,NA,93,18236.61298,NA,NA,52.66459583,NA,13.3,76.4,0.069226121,19.93210526
Shangqiu,China,1.6345,780000,4300,2.97,69.88,10.36839118,48.918,115.65,34.45,51,27,28/01/2020,06/02/2020,NA,NA,NA,NA,NA,NA,93,18236.61298,NA,NA,52.66459583,NA,13.3,76.4,0.069226121,13.239
Shaoxing,China,3.1056,2055000,3800,6.833333333,75.93333333,10.55942629,36.73404,120.57864,30.00237,108,23,24/01/2020,04/02/2020,NA,NA,NA,NA,NA,NA,93,18236.61298,NA,NA,52.66459583,NA,13.3,76.4,0.069226121,6.0175
Shaoyang,China,1.6439,730000,5600,7.470588235,82.15294118,10.8521266,38.2711,110.9515062,26.9313237,340,26,27/01/2020,12/02/2020,NA,NA,NA,NA,NA,NA,93,18236.61298,NA,NA,52.66459583,NA,13.3,76.4,0.069226121,29.84764706
Shenyang-Fushun,China,2.4147,7055000,4700,-9.486666667,60.85333333,9.770883763,42.35181,123.4327778,41.7922222,49,22,23/01/2020,06/02/2020,NA,NA,NA,NA,NA,NA,93,18236.61298,NA,NA,52.66459583,NA,13.3,76.4,0.069226121,9.752666667
Shenzhen,China,2.128,13195000,7500,16.33125,68.93125,10.93627273,57.34477,114.0682983,22.54553766,18,19,20/01/2020,04/02/2020,NA,NA,NA,NA,NA,NA,93,18236.61298,NA,NA,52.66459583,NA,13.3,76.4,0.069226121,5.208125
Shiyan,China,2.8612,840000,4300,4.62,71.99,10.47765364,48.53647,110.778056,32.6475,435,27,28/01/2020,06/02/2020,NA,NA,NA,NA,NA,NA,93,18236.61298,NA,NA,52.66459583,NA,13.3,76.4,0.069226121,13.239
Suizhou,China,3.9892,665000,6600,6.058333333,70.93333333,10.54740026,53.90529,113.465844,31.9209211,115,27,28/01/2020,08/02/2020,NA,NA,NA,NA,NA,NA,93,18236.61298,NA,NA,52.66459583,NA,13.3,76.4,0.069226121,18.74916667
Suzhou (AH),China,2.3489,970000,5900,4.07,67.94545455,10.40470459,50.30676,116.9788889,33.6361111,42,26,27/01/2020,06/02/2020,NA,NA,NA,NA,NA,NA,93,18236.61298,NA,NA,52.66459583,NA,13.3,76.4,0.069226121,12.28818182
Suzhou (JS),China,1.8648,5250000,3800,6.425,79.0875,10.50821801,39.04152,120.59538,31.304077,8,22,23/01/2020,07/02/2020,NA,NA,NA,NA,NA,NA,93,18236.61298,NA,NA,52.66459583,NA,13.3,76.4,0.069226121,11.95
Taizhou (JS),China,2.1938,930000,4200,4.554545455,74.78181818,10.47391315,49.61146,119.908119,32.49069,5,26,27/01/2020,06/02/2020,NA,NA,NA,NA,NA,NA,93,18236.61298,NA,NA,52.66459583,NA,13.3,76.4,0.069226121,12.28818182
Taizhou (ZJ),China,3.0727,1780000,7200,8.909090909,76.83636364,10.63150105,44.93417,121.4274596,28.5640014,84,23,24/01/2020,03/02/2020,NA,NA,NA,NA,NA,NA,93,18236.61298,NA,NA,52.66459583,NA,13.3,76.4,0.069226121,5.807272727
Tangshan,China,1.7238,2315000,6400,-1.213636364,65.54090909,10.24914075,47.26485,118.1833333,39.6333333,23,27,28/01/2020,18/02/2020,NA,NA,NA,NA,NA,NA,93,18236.61298,NA,NA,52.66459583,NA,13.3,76.4,0.069226121,43.34954545
Tianjin,China,4.3558,13035000,4700,0.221428571,63.64285714,9.925307338,44.62765,117.1766667,39.1422222,5,21,22/01/2020,04/02/2020,NA,NA,NA,NA,NA,NA,93,18236.61298,NA,NA,52.66459583,NA,13.3,76.4,0.069226121,5.555
Tianmen,China,2.1139,665000,13500,7.316666667,74.6,10.61772879,51.29813,113.1448635,30.6736128,66,27,28/01/2020,08/02/2020,NA,NA,NA,NA,NA,NA,93,18236.61298,NA,NA,52.66459583,NA,13.3,76.4,0.069226121,18.74916667
Tongling,China,1.7943,540000,3300,6.395833333,81.73333333,10.72509858,47.29276,117.783333,30.95,18,26,27/01/2020,18/02/2020,NA,NA,NA,NA,NA,NA,93,18236.61298,NA,NA,52.66459583,NA,13.3,76.4,0.069226121,41.58565217
Wenzhou,China,2.7296,3550000,7400,10.7,72.10769231,10.64365145,47.37507,120.66682,27.999416,38,21,22/01/2020,03/02/2020,NA,NA,NA,NA,NA,NA,93,18236.61298,NA,NA,52.66459583,NA,13.3,76.4,0.069226121,5.341538462
Wuhan,China,2.504,8470000,5200,5.594117647,81.42941176,10.46971666,40.18419,114.2666667,30.5833333,25,18,19/01/2020,04/02/2020,NA,NA,NA,NA,NA,NA,93,18236.61298,NA,NA,52.66459583,NA,13.3,76.4,0.069226121,5.065294118
Wuhu,China,2.2314,1735000,10800,5.758333333,77.85,10.55481226,46.56331,118.373509,31.337275,18,26,27/01/2020,07/02/2020,NA,NA,NA,NA,NA,NA,93,18236.61298,NA,NA,52.66459583,NA,13.3,76.4,0.069226121,15.00666667
Wuxi,China,2.3395,3480000,4100,5.8,75.52,10.51514959,54.48314,120.288573,31.568873,8,26,27/01/2020,05/02/2020,NA,NA,NA,NA,NA,NA,93,18236.61298,NA,NA,52.66459583,NA,13.3,76.4,0.069226121,9.026
Xi'an,China,1.282,7135000,6600,4.194444444,63.01111111,10.3840075,50.13258,108.928611,34.258333,411,23,24/01/2020,10/02/2020,NA,NA,NA,NA,NA,NA,93,18236.61298,NA,NA,52.66459583,NA,13.3,76.4,0.069226121,20.885
Xiangtan,China,2.0951,1105000,4900,6.454545455,77.07272727,10.69335123,41.92337,112.9,27.85,120,24,25/01/2020,04/02/2020,NA,NA,NA,NA,NA,NA,93,18236.61298,NA,NA,52.66459583,NA,13.3,76.4,0.069226121,6.311818182
Xiangyang,China,3.6508,1270000,9400,6.675,63.4875,10.48656341,56.22812,112.144794,32.042203,127,27,28/01/2020,04/02/2020,NA,NA,NA,NA,NA,NA,93,18236.61298,NA,NA,52.66459583,NA,13.3,76.4,0.069226121,7.63625
Xiantao,China,2.598,610000,6700,5.958333333,78.14166667,10.63450903,49.80635,113.44294,30.3708,25,27,28/01/2020,08/02/2020,NA,NA,NA,NA,NA,NA,93,18236.61298,NA,NA,52.66459583,NA,13.3,76.4,0.069226121,18.74916667
Xinyang,China,4.1725,620000,8300,8.158333333,77,10.70239149,51.2477,114.0655556,32.1227778,115,33,03/02/2020,14/02/2020,NA,NA,NA,NA,NA,NA,93,18236.61298,NA,NA,52.66459583,NA,13.3,76.4,0.069226121,50.00166667
Xinyu,China,2.3912,765000,5800,7.318181818,76.52727273,10.69589872,42.02303,114.933354,27.804294,129,24,25/01/2020,04/02/2020,NA,NA,NA,NA,NA,NA,93,18236.61298,NA,NA,52.66459583,NA,13.3,76.4,0.069226121,6.311818182
Xuchang,China,2.1891,670000,9900,4.88,69.83,10.39417589,48.79083,113.86299,34.03189,53,27,28/01/2020,06/02/2020,NA,NA,NA,NA,NA,NA,93,18236.61298,NA,NA,52.66459583,NA,13.3,76.4,0.069226121,13.239
Xuzhou,China,2.88,1410000,3600,4.07,65.07,10.38504546,50.68446,117.15707,34.180454,42,27,28/01/2020,06/02/2020,NA,NA,NA,NA,NA,NA,93,18236.61298,NA,NA,52.66459583,NA,13.3,76.4,0.069226121,13.239
Yichang,China,3.8012,985000,7600,7.3,68.1,10.56439661,51.95778,111.2847222,30.7144444,257,27,28/01/2020,04/02/2020,NA,NA,NA,NA,NA,NA,93,18236.61298,NA,NA,52.66459583,NA,13.3,76.4,0.069226121,7.63625
Yichun,China,1.5593,975000,8000,-18.39411765,65.85882353,9.379829467,34.70289,128.8752937,47.72142661,264,24,25/01/2020,10/02/2020,NA,NA,NA,NA,NA,NA,93,18236.61298,NA,NA,52.66459583,NA,13.3,76.4,0.069226121,21.95
Yiyang,China,1.9776,615000,11900,7.084615385,76.45384615,10.71988589,43.66159,112.3283333,28.5891667,120,26,27/01/2020,08/02/2020,NA,NA,NA,NA,NA,NA,93,18236.61298,NA,NA,52.66459583,NA,13.3,76.4,0.069226121,17.52076923
Yueyang,China,1.9447,1025000,4900,7.090909091,79.11818182,10.6070206,44.69338,113.09481,29.37455,52,24,25/01/2020,04/02/2020,NA,NA,NA,NA,NA,NA,93,18236.61298,NA,NA,52.66459583,NA,13.3,76.4,0.069226121,6.311818182
Zhengzhou,China,2.7296,7090000,4600,3.144444444,70.86666667,10.16759821,44.13133,113.6486111,34.7577778,111,21,22/01/2020,30/01/2020,NA,NA,NA,NA,NA,NA,93,18236.61298,NA,NA,52.66459583,NA,13.3,76.4,0.069226121,4.013333333
Zhongshan,China,1.7003,3005000,4000,17.05625,81.51875,11.06204137,54.33854,110.572299,21.319921,50,23,24/01/2020,08/02/2020,NA,NA,NA,NA,NA,NA,93,18236.61298,NA,NA,52.66459583,NA,13.3,76.4,0.069226121,14.756875
Zhoukou,China,2.6309,635000,6300,4.758333333,74.68333333,10.32575969,47.81828,114.9119444,33.8083333,53,23,24/01/2020,04/02/2020,NA,NA,NA,NA,NA,NA,93,18236.61298,NA,NA,52.66459583,NA,13.3,76.4,0.069226121,6.0175
Zhuhai,China,2.034,1645000,4900,16.41875,69.8125,10.96620246,56.23524,113.5677778,22.2769444,18,20,21/01/2020,05/02/2020,NA,NA,NA,NA,NA,NA,93,18236.61298,NA,NA,52.66459583,NA,13.3,76.4,0.069226121,6.68375
Zhumadian,China,1.6392,545000,4000,4.1,67.75,10.45860052,50.15134,114.0294444,32.9794444,107,26,27/01/2020,07/02/2020,NA,NA,NA,NA,NA,NA,93,18236.61298,NA,NA,52.66459583,NA,13.3,76.4,0.069226121,15.00666667
Zhuzhou,China,1.6392,1090000,4900,6.855555556,79.36111111,10.77327661,36.27844,113.15,27.833333,120,24,25/01/2020,11/02/2020,NA,NA,NA,NA,NA,NA,93,18236.61298,NA,NA,52.66459583,NA,13.3,76.4,0.069226121,24.61444444
Barranquilla,Colombia,1.4982,1890000,10600,28.48571429,76.69375,12.27160217,119.7934,-74.78131771,10.96853631,14,78,19/03/2020,17/05/2020,-62.1,-43.65,-58.9,-58.16666667,-49.48333333,21.56666667,69,15012.93027,NA,20.6,16.52721022,11.1,10.2,75.1,0.070462297,69.768
Bogota,Colombia,1.188,10705000,18300,14.65084746,75.615,12.08608388,83.22926,-74.08175468,4.60970585,2547,71,12/03/2020,10/05/2020,-52.83333333,-32.55,-46.45,-48.73333333,-43.05,24.48333333,69,15012.93027,NA,21.6,16.52721022,11.8,10.2,75.1,0.070462297,60.58633333
Bucaramanga,Colombia,1.2444,1055000,15100,22.8,79.36590909,12.19265346,88.54564,-73.119804,7.125393,1189,89,30/03/2020,11/05/2020,-80.81395349,-57.18604651,-71.86046512,-78.79069767,-67.65116279,30.09302326,69,15012.93027,NA,23.3,16.52721022,13.2,10.2,75.1,0.070462297,79.34906977
Cali,Colombia,1.1692,2445000,13300,24.46101695,75.82333333,12.07280386,85.62602,-76.5225,3.4372222,961,74,15/03/2020,13/05/2020,-56.15,-36.4,-54.55,-48.85,-44.13333333,21.16666667,69,15012.93027,NA,11.8,16.52721022,12.7,10.2,75.1,0.070462297,64.52133333
Cucuta,Colombia,1.7802,795000,6700,25.85555556,67.6875,12.02393734,103.9923,-72.507821,7.893907,250,75,16/03/2020,31/03/2020,-5.9375,3.625,-7.25,-10.9375,11.9375,-0.1875,69,15012.93027,NA,23.2,16.52721022,11.1,10.2,75.1,0.070462297,22.628125
Ibague,Colombia,1.5828,540000,16000,23.77777778,70.36140351,12.07057115,92.19396,-75.2322222,4.4388889,928,75,16/03/2020,29/04/2020,-53.93333333,-36.44444444,-50.97777778,-59.24444444,-40.17777778,19.22222222,69,15012.93027,NA,15.3,16.52721022,14.5,10.2,75.1,0.070462297,58.92933333
Medellin,Colombia,1.2961,3680000,15300,NaN,59.4,12.05535718,98.23591,-75.563591,6.25184,1490,69,10/03/2020,19/04/2020,-39.12195122,-25.6097561,-35.63414634,-33.24390244,-27.41463415,14.14634146,69,15012.93027,NA,23.9,16.52721022,14,10.2,75.1,0.070462297,45.16731707
Pereira,Colombia,1.5781,560000,12700,22.025,77.75,12.07300502,82.57275,-75.6961111,4.8133333,1342,81,22/03/2020,21/04/2020,-57.32258065,-34.70967742,-57.93548387,-57.22580645,-43.77419355,20.58064516,69,15012.93027,NA,16.3,16.52721022,14.7,10.2,75.1,0.070462297,60.7516129
Brazzaville,Congo,1.0329,2140000,11800,27.2375,79.99166667,11.8735767,88.5484,15.28318405,-4.26612938,319,99,09/04/2020,07/05/2020,NA,NA,NA,NA,NA,NA,33,5662.063411,NA,NA,46.63822028,NA,6.2,64.3,0.072644704,90.13275862
Pointe Noire,Congo,1.1457,1090000,5500,27.22380952,87.202,11.81560486,78.87959,11.86351776,-4.776086817,17,99,09/04/2020,02/06/2020,NA,NA,NA,NA,NA,NA,33,5662.063411,NA,NA,46.63822028,NA,6.2,64.3,0.072644704,92.94454545
Abidjan,Cote d'Ivoire,1.188,5145000,13700,28.33384615,85.04307692,12.10505011,106.2354,-4.001667,5.354444,7,74,15/03/2020,09/05/2020,-20.39285714,-10.73214286,-14.58928571,-20.42857143,-14.73214286,12.16071429,44,4207.086934,NA,NA,25.88626634,NA,5.3,54.6,0.051980487,55.19482143
Djibouti,Djibouti,1.9494,560000,12000,NaN,67.475,12.15166204,105.8778,43.14502716,11.58901471,13,78,19/03/2020,19/04/2020,NA,NA,NA,NA,NA,NA,32,2744.268655,NA,NA,45.5496176,NA,6.4,63.8,0.051676358,46.5834375
Guayaquil,Ecuador,2.9082,2940000,9500,27.32857143,81.58235294,12.01655902,74.77468,-79.88621,-2.19616,4,60,01/03/2020,23/03/2020,-5.347826087,-1.869565217,-6.782608696,-4.652173913,-11.69565217,2.565217391,77,11734.38739,NA,NA,14.88610066,NA,10.4,76.5,0.068785515,6.523478261
Quito,Ecuador,4.5626,2465000,4600,17.56666667,81.325,12.00046718,82.3988,-78.52495193,-0.229853967,2790,73,14/03/2020,22/03/2020,0.444444444,10.88888889,-0.111111111,0.666666667,-0.222222222,1,77,11734.38739,NA,NA,14.88610066,NA,10.4,76.5,0.068785515,7.714444444
Addis Ababa,Ethiopia,1.3196,4225000,8600,18.73870968,61.25384615,12.19298062,107.7869,38.74689102,9.024966028,2354,75,16/03/2020,12/05/2020,NA,NA,NA,NA,NA,NA,63,2022.137961,NA,NA,38.97873776,NA,6.3,65.5,0.047457212,51.16862069
Aachen,Germany,1.3995,545000,2000,6.441935484,68.86129032,11.85609714,52.08072,6.083421707,50.77663561,231,59,29/02/2020,05/04/2020,-10.54054054,2.162162162,14.62162162,-11.67567568,-9.081081081,3.675675676,88,53074.54012,47163,10.2,12.02876736,30,32.1,81,0.128453418,27.57702703
Berlin,Germany,1.6486,4060000,3000,6.292307692,64.72307692,11.74441805,47.79168,13.41053009,52.52436817,50,63,04/03/2020,29/03/2020,-2.769230769,9.153846154,6,-5.384615385,-1.230769231,1.538461538,88,53074.54012,45311,14.9,12.02876736,30.9,32.1,81,0.128453418,22.36423077
Bremen,Germany,1.5264,640000,2400,6.539285714,70.85,11.66910515,44.13773,8.80717,53.07582,3,61,02/03/2020,29/03/2020,-2.464285714,1.214285714,11.60714286,-2.535714286,-1.535714286,1.107142857,88,53074.54012,48711,11.4,12.02876736,33.1,32.1,81,0.128453418,21.56035714
Cologne-Bonn,Germany,1.9823,2260000,2900,6.515,78.0375,10.88839141,32.63724,6.95,50.9333333,231,43,13/02/2020,22/03/2020,-0.652173913,2.391304348,8.608695652,-1.043478261,-4.260869565,1.565217391,88,53074.54012,61519,13.4,12.02876736,29.2,32.1,81,0.128453418,12.96410256
Dresden,Germany,1.6157,755000,2800,5.713636364,61.81818182,11.88805816,50.81348,13.73831749,51.05089108,230,67,08/03/2020,29/03/2020,1.545454545,5.227272727,14.18181818,0.5,0.272727273,0.909090909,88,53074.54012,39456,13.5,12.02876736,40.6,32.1,81,0.128453418,24.41045455
Essen-Dusseldorf,Germany,2.6309,6660000,2500,8.76875,76.5625,11.48958531,38.53994,7.012282,51.45657,45,64,05/03/2020,20/03/2020,-2.1875,1.625,3.9375,-2.4375,-6.25,2.125,88,53074.54012,71192,13.8,12.02876736,33.2,32.1,81,0.128453418,18.4025
Frankfurt,Germany,1.3337,2005000,3100,8.111904762,63.54047619,12.17224761,59.17391,8.684167,50.11552,119,62,03/03/2020,12/04/2020,-18.48780488,0.170731707,14.58536585,-23.02439024,-14.17073171,5.585365854,88,53074.54012,70030,12.1,12.02876736,29.2,32.1,81,0.128453418,37.19439024
Hamburg,Germany,1.6627,2050000,2600,6.072413793,69.06896552,11.59200305,43.17106,9.99302,53.55073,16,60,01/03/2020,28/03/2020,-3.142857143,1.071428571,3.714285714,-4.285714286,-6.107142857,1.571428571,88,53074.54012,60741,11.6,12.02876736,30.4,32.1,81,0.128453418,20.78321429
Hannover,Germany,1.5781,710000,2500,6.056666667,69.58,11.74569491,47.27901,9.733221531,52.37051627,56,61,02/03/2020,31/03/2020,-0.3,6.733333333,18.4,-2.333333333,-2.166666667,1.533333333,88,53074.54012,53386,11.6,12.02876736,33,32.1,81,0.128453418,22.93166667
Leipzig,Germany,1.5499,620000,2500,5.87826087,66.47391304,11.85394406,50.18868,12.371292,51.33962,144,66,07/03/2020,29/03/2020,1.565217391,4.913043478,14.30434783,0.869565217,0.130434783,0.826086957,88,53074.54012,39974,13.5,12.02876736,35.7,32.1,81,0.128453418,23.83217391
Mannheim,Germany,1.4841,615000,2800,8.066666667,66.09259259,11.73996898,48.74255,8.466943741,49.4890976,99,62,03/03/2020,29/03/2020,-1.333333333,5.592592593,13.44444444,-5.703703704,-5.962962963,1.888888889,88,53074.54012,58060,12.4,12.02876736,32.2,32.1,81,0.128453418,21.94740741
Munich,Germany,2.1938,2060000,4400,3.739344262,79.78196721,9.78532626,28.98275,11.57549143,48.13743255,453,10,11/01/2020,10/03/2020,4.727272727,6.818181818,21.45454545,1.727272727,-4.727272727,0.727272727,88,53074.54012,83724,12.2,12.02876736,27.6,32.1,81,0.128453418,4.663928571
Nuremberg,Germany,1.4183,665000,2900,6.788095238,61.85952381,12.16822531,61.00639,11.07752323,49.45420526,318,62,03/03/2020,12/04/2020,-20.80487805,-1,3.536585366,-24.19512195,-16.14634146,6.219512195,88,53074.54012,59596,12.3,12.02876736,30.8,32.1,81,0.128453418,37.19439024
Saarbrucken,Germany,1.4935,560000,1800,7.991176471,58.67647059,12.35007505,65.72229,7.009818077,49.23262405,322,69,10/03/2020,11/04/2020,-24.06060606,-4.666666667,3.909090909,-29.27272727,-17.75757576,7.303030303,88,53074.54012,46489,10.2,12.02876736,36.4,32.1,81,0.128453418,41.52575758
Stuttgart,Germany,1.8883,1375000,2900,7.411111111,74.16111111,11.59611336,45.75687,9.177017212,48.78232429,396,64,05/03/2020,22/03/2020,0.888888889,5.111111111,11.88888889,-3.833333333,-7.277777778,1.666666667,88,53074.54012,67959,12.4,12.02876736,29.8,32.1,81,0.128453418,19.13555556
Accra,Ghana,1.4183,4335000,3600,29.18536585,79.45714286,12.14317768,113.1183,-0.1969,5.55602,68,88,29/03/2020,09/05/2020,-39.65079365,-31.11904762,-35.95238095,-44.0952381,-30.6984127,21.44444444,49,4746.684995,NA,NA,34.7135141,NA,5.9,63.4,0.047257165,68.89357143
Agra,India,1.4794,2105000,12500,25.4,53.46595745,12.37179142,108.6571,78.0166667,27.1833333,186,64,05/03/2020,03/05/2020,-40.63333333,-27.95,-30.75,-35.86666667,-33.28333333,13.11666667,78,13079.6193,NA,NA,90.87321047,NA,8.6,68.8,0.057535225,61.53616667
Ajmer,India,3.585,615000,8500,29.60769231,29.56153846,12.54563359,116.4635,74.638667,26.452103,485,88,29/03/2020,23/04/2020,-58.30769231,-46.69230769,-39.38461538,-60.53846154,-46.07692308,20.38461538,78,13079.6193,NA,NA,90.87321047,NA,8.6,68.8,0.057535225,87.12576923
Aligarh,India,1.2679,1140000,12200,30.47,52.66333333,13.24820147,123.3927,78.07464,27.881453,186,112,22/04/2020,25/05/2020,-74.23529412,-29.02941176,-72.05882353,-69.23529412,-45.55882353,21.44117647,78,13079.6193,NA,NA,90.87321047,NA,8.6,68.8,0.057535225,94.22705882
Amravati,India,2.0951,740000,11000,32.715625,38.1,12.62077055,118.7379,77.75,20.9333333,367,95,05/04/2020,08/05/2020,-75.08823529,-48,-48.17647059,-67,-49.97058824,30.08823529,78,13079.6193,NA,NA,90.87321047,NA,8.6,68.8,0.057535225,98.66588235
Amritsar,India,3.3077,1360000,8900,22.25178571,68.34642857,12.54053822,101.4699,74.875335,31.622337,229,69,10/03/2020,04/05/2020,-47.83928571,-36.78571429,-40.21428571,-45.08928571,-34.78571429,13.125,78,13079.6193,NA,NA,90.87321047,NA,8.6,68.8,0.057535225,66.74142857
Aurangabad,India,1.7614,1470000,15800,31.09830508,37.255,12.45606827,116.5698,75.34226,19.87757,582,75,16/03/2020,14/05/2020,-55.76666667,-31.95,-46.35,-43.7,-42.71666667,22.46666667,78,13079.6193,NA,NA,90.87321047,NA,8.6,68.8,0.057535225,77.323
Bareilly,India,1.4559,1195000,14400,27.80166667,58.18833333,13.02528987,119.3671,79.43167,28.36678,167,89,30/03/2020,28/05/2020,-67.98333333,-28.71666667,-32.96666667,-62.53333333,-42.26666667,21.55,78,13079.6193,NA,NA,90.87321047,NA,8.6,68.8,0.057535225,91.26533333
Bhavnagar,India,1.2773,695000,10700,33.00961538,34.32115385,12.67529282,122.8195,72.15331,21.76287,5,88,29/03/2020,19/05/2020,-66.84615385,-39.53846154,-44.15384615,-37.98076923,-48.90384615,26.46153846,78,13079.6193,NA,NA,90.87321047,NA,8.6,68.8,0.057535225,91.87211538
Bhopal,India,1.3854,2285000,12600,30.2962963,39.49444444,12.62710021,117.7997,77.402892,23.254688,523,82,23/03/2020,15/05/2020,-69.77777778,-58.11111111,-62.33333333,-63.5,-56.25925926,25.51851852,78,13079.6193,NA,NA,90.87321047,NA,8.6,68.8,0.057535225,85.14277778
Bikaner,India,1.2162,760000,11700,33.33,31.67166667,13.12044038,125.1827,73.314955,28.017623,223,94,04/04/2020,02/06/2020,-72.01666667,-35.66666667,-79.18333333,-62.4,-48,22.35,78,13079.6193,NA,NA,90.87321047,NA,8.6,68.8,0.057535225,93.38716667
Bilaspur,India,2.6309,565000,9900,30.99333333,42.46166667,12.72728419,118.2756,82.1333333,22.3833333,274,86,27/03/2020,25/05/2020,-69.45,-44.66666667,-58.48333333,-66.88333333,-41.1,22.03333333,78,13079.6193,NA,NA,90.87321047,NA,8.6,68.8,0.057535225,88.97383333
Chandigarh,India,1.0705,1190000,4600,24.28205128,54.28717949,12.57380974,105.7169,76.7884,30.736292,347,79,20/03/2020,27/04/2020,-59.28205128,-53.33333333,-50.05128205,-55.64102564,-48.84615385,21.15384615,78,13079.6193,NA,NA,90.87321047,NA,8.6,68.8,0.057535225,74.94
Chennai,India,1.6674,10560000,10100,30.83125,80.559375,12.3053289,116.1904,80.2784729,13.08783853,6,78,19/03/2020,13/05/2020,-64.98214286,-41.94642857,-63.42857143,-61.41071429,-55.89285714,26.375,78,13079.6193,NA,NA,90.87321047,NA,8.6,68.8,0.057535225,80.58053571
Coimbatore,India,1.7849,2660000,9300,29.81666667,60.90416667,12.14438344,118.4124,76.966122,11.005547,396,82,23/03/2020,15/04/2020,-40.16666667,-22.08333333,-21.66666667,-35.66666667,-31.79166667,17.83333333,78,13079.6193,NA,NA,90.87321047,NA,8.6,68.8,0.057535225,68.42125
Cuttack,India,2.5369,740000,14300,29.18979592,71.88627451,12.71463896,109.1771,85.87926865,20.46497271,27,94,04/04/2020,23/05/2020,-76.46,-43.18,-64.64,-71.92,-48.76,24.82,78,13079.6193,NA,NA,90.87321047,NA,8.6,68.8,0.057535225,95.7874
Davanagere,India,1.2021,505000,12200,28.67272727,68.37575758,12.67521648,112.3553,75.9,14.43,724,120,30/04/2020,01/06/2020,-74.27272727,-22.15151515,-81.12121212,-47.51515152,-37.54545455,27.42424242,78,13079.6193,NA,NA,90.87321047,NA,8.6,68.8,0.057535225,90.13727273
Dehradun,India,1.564,880000,6200,20.64166667,67.9125,12.22281231,100.2226,78.033922,30.324427,683,75,16/03/2020,08/04/2020,-20.70833333,-15.5,-16.29166667,-5.041666667,-16.95833333,7.041666667,78,13079.6193,NA,NA,90.87321047,NA,8.6,68.8,0.057535225,45.00333333
Delhi,India,1.3384,28125000,12600,24.68166667,66.79833333,12.31310791,104.2054,77.231495,28.651952,211,61,02/03/2020,30/04/2020,-42.61666667,-34.33333333,-34.75,-42.36666667,-37.51666667,15.56666667,78,13079.6193,NA,NA,90.87321047,NA,8.6,68.8,0.057535225,57.04566667
Dhanbad,India,2.9364,1335000,13200,28.95,76.1125,13.0452416,103.4012,86.42992,23.79759,254,107,17/04/2020,01/06/2020,-75.65217391,-40.43478261,-38.47826087,-66.7173913,-35.02173913,22,78,13079.6193,NA,NA,90.87321047,NA,8.6,68.8,0.057535225,92.92456522
Erode,India,2.1656,615000,11900,NaN,NaN,12.15951937,119.6186,77.72741318,11.34280218,172,86,27/03/2020,13/04/2020,-39.27777778,-22.22222222,-21.16666667,-33,-27.88888889,18.33333333,78,13079.6193,NA,NA,90.87321047,NA,8.6,68.8,0.057535225,74.15055556
Firozabad,India,1.5217,635000,22300,28.68709677,52.64516129,12.83215494,117.8292,78.397808,27.150917,186,94,04/04/2020,09/05/2020,-55.66666667,-19.97222222,-41.75,-68.58333333,-46.13888889,19.94444444,78,13079.6193,NA,NA,90.87321047,NA,8.6,68.8,0.057535225,97.98138889
Gorakhpur,India,1.94,765000,14100,29.41818182,59.06363636,13.28560037,121.1821,83.368895,26.766275,76,118,28/04/2020,29/05/2020,-80.34375,-37.03125,-42.875,-75.8125,-40.90625,21.46875,78,13079.6193,NA,NA,90.87321047,NA,8.6,68.8,0.057535225,91.60875
Guntur,India,1.5499,820000,14400,30.01538462,72.80769231,12.36842339,115.2247,80.457293,16.299737,6,85,26/03/2020,03/05/2020,-58.15384615,-41.74358974,-37.87179487,-46.8974359,-40.74358974,22.07692308,78,13079.6193,NA,NA,90.87321047,NA,8.6,68.8,0.057535225,86.19384615
Gwalior,India,1.7567,1325000,13100,29.8,44.71428571,12.80873673,119.6122,78.173369,26.229825,205,85,26/03/2020,20/05/2020,-70.39285714,-54.82142857,-67.10714286,-71.05357143,-50.76785714,22.26785714,78,13079.6193,NA,NA,90.87321047,NA,8.6,68.8,0.057535225,88.4925
Hyderabad,India,1.4606,9580000,7800,29.40784314,52.17254902,12.12484265,108.7441,78.456355,17.384052,530,62,03/03/2020,22/04/2020,-33.74509804,-21.58823529,-29.52941176,-31.17647059,-28.64705882,13.33333333,78,13079.6193,NA,NA,90.87321047,NA,8.6,68.8,0.057535225,51.22647059
Indore,India,1.7614,2795000,10300,29.63461538,33.41923077,12.39589415,117.12,75.83330154,22.71792354,561,85,26/03/2020,20/04/2020,-59.19230769,-50.73076923,-46.73076923,-50.5,-50.23076923,21.46153846,78,13079.6193,NA,NA,90.87321047,NA,8.6,68.8,0.057535225,79.29076923
Jabalpur,India,1.4183,1440000,12100,30.13728814,42.55762712,12.63119015,116.5113,79.95006323,23.16697486,391,80,21/03/2020,18/05/2020,-64.66101695,-49.96610169,-56.20338983,-55.33898305,-47.61016949,22.3220339,78,13079.6193,NA,NA,90.87321047,NA,8.6,68.8,0.057535225,83.49067797
Jaipur,India,1.8366,3745000,7400,25.52093023,42.05348837,12.12533644,105.2713,75.78781128,26.91962097,385,63,04/03/2020,15/04/2020,-27.48837209,-20.90697674,-20.37209302,-23.60465116,-23.97674419,9.093023256,78,13079.6193,NA,NA,90.87321047,NA,8.6,68.8,0.057535225,44.24093023
Jalandhar,India,1.329,1025000,7200,26.34035088,40.55087719,13.04075425,111.4332,75.5791667,31.3255556,255,86,27/03/2020,22/05/2020,-72.66666667,-56.56140351,-64.28070175,-67.15789474,-55.56140351,20.89473684,78,13079.6193,NA,NA,90.87321047,NA,8.6,68.8,0.057535225,89.34403509
Jalgaon,India,2.0716,545000,14000,33.28139535,42.53488372,12.60093174,121.4908,75.566025,21.00292,200,89,30/03/2020,12/05/2020,-60.5,-42.65909091,-34.70454545,-55.04545455,-39.68181818,24.88636364,78,13079.6193,NA,NA,90.87321047,NA,8.6,68.8,0.057535225,93.02454545
Jammu,India,1.5264,710000,10200,19.52857143,67.01428571,12.21019501,92.1637,74.869112,32.735686,366,69,10/03/2020,12/04/2020,159.6176471,155.5294118,265.6956522,275.8529412,132.0882353,4.088235294,78,13079.6193,NA,NA,90.87321047,NA,8.6,68.8,0.057535225,45.33
Jamnagar,India,3.2607,655000,14000,31.91944444,65.75833333,12.70884418,124.6507,70.066733,22.472924,10,96,06/04/2020,11/05/2020,-73.63888889,-55.88888889,-65.61111111,-59.75,-56.97222222,29.80555556,78,13079.6193,NA,NA,90.87321047,NA,8.6,68.8,0.057535225,98.43166667
Jhansi,India,1.4371,635000,15300,33.344,50.432,13.15605311,124.9612,78.579943,25.458872,262,118,28/04/2020,22/05/2020,-79.4,-35.88,-47.92,-66.04,-41.36,24.84,78,13079.6193,NA,NA,90.87321047,NA,8.6,68.8,0.057535225,94.316
Jodhpur,India,1.517,1400000,6000,30.70212766,39.50425532,12.64279505,117.5018,73.005943,26.26841,217,82,23/03/2020,08/05/2020,-62.19148936,-47.63829787,-56.55319149,-56.08510638,-50,20.27659574,78,13079.6193,NA,NA,90.87321047,NA,8.6,68.8,0.057535225,83.48106383
Kannur,India,1.7802,2050000,3600,30.73684211,66.97894737,12.00859909,115.7432,75.35762787,11.8675189,11,69,10/03/2020,01/04/2020,-11.60869565,-2.695652174,-1.913043478,-9.391304348,-0.565217391,4.217391304,78,13079.6193,NA,NA,90.87321047,NA,8.6,68.8,0.057535225,24.3973913
Kolhapur,India,2.4993,625000,10100,30.14814815,49.97857143,12.51803829,114.7386,74.22981262,16.6901324,569,87,28/03/2020,22/05/2020,-66.60714286,-34.92857143,-23.92857143,-45.66071429,-47.92857143,28.625,78,13079.6193,NA,NA,90.87321047,NA,8.6,68.8,0.057535225,90.34428571
Kolkata,India,1.4371,15215000,11300,29.3421875,68.578125,12.55448319,104.7319,88.363044,22.562627,5,77,18/03/2020,15/05/2020,-65.57627119,-48.96610169,-65.01694915,-64.05084746,-55.16949153,21.47457627,78,13079.6193,NA,NA,90.87321047,NA,8.6,68.8,0.057535225,79.92033898
Kollam,India,1.1692,1610000,8900,29.3125,80.19636364,12.28888125,101.6519,76.584694,8.881131,33,88,29/03/2020,27/05/2020,-70.98333333,-30.93333333,-31.76666667,-50.41666667,-39.51666667,28.3,78,13079.6193,NA,NA,90.87321047,NA,8.6,68.8,0.057535225,90.54783333
Kota,India,2.4194,1155000,8900,31.97,26.49,12.54134839,116.5154,75.845,25.176,273,97,07/04/2020,16/04/2020,-76.8,-70,-57,-79.6,-61.3,30.3,78,13079.6193,NA,NA,90.87321047,NA,8.6,68.8,0.057535225,98.657
Kozhikode,India,1.1034,3045000,5900,31.41136364,69.69318182,12.24476311,104.1884,75.780402,11.248016,4,82,23/03/2020,05/05/2020,-63.90909091,-39.52272727,-18.56818182,-47.63636364,-41.13636364,28.20454545,78,13079.6193,NA,NA,90.87321047,NA,8.6,68.8,0.057535225,82.60704545
Kurnool,India,1.658,610000,15700,33.82,38.8375,12.40471364,119.244,78.036021,15.828865,280,88,29/03/2020,07/05/2020,-61.675,-39.15,-41.15,-52.125,-41,24.6,78,13079.6193,NA,NA,90.87321047,NA,8.6,68.8,0.057535225,91.26175
Lucknow,India,1.9729,3520000,9700,26.47435897,56.06153846,12.30830778,111.4715,80.923133,26.839281,122,72,13/03/2020,20/04/2020,-40.41025641,-27.56410256,-33.48717949,-34.79487179,-34.64102564,13,78,13079.6193,NA,NA,90.87321047,NA,8.6,68.8,0.057535225,59.2474359
Ludhiana,India,2.4053,1835000,8900,25.06410256,43.83333333,12.75588967,106.1449,75.853789,30.912042,255,85,26/03/2020,03/05/2020,-63.43589744,-51.76923077,-52.69230769,-65,-55.46153846,21.56410256,78,13079.6193,NA,NA,90.87321047,NA,8.6,68.8,0.057535225,86.19384615
Madurai,India,1.3196,1695000,11300,31.83409091,60.79705882,12.28502173,113.2774,78.119529,9.919001,132,83,24/03/2020,22/05/2020,-67.73333333,-41.9,-34.88333333,-46.6,-48.93333333,27.86666667,78,13079.6193,NA,NA,90.87321047,NA,8.6,68.8,0.057535225,86.21933333
Malappuram,India,1.564,2770000,8600,29.96470588,67.04,12.05410056,110.6621,76.081541,11.041994,107,76,17/03/2020,03/04/2020,-9.722222222,0.444444444,0.222222222,-10.27777778,-2.5,4.833333333,78,13079.6193,NA,NA,90.87321047,NA,8.6,68.8,0.057535225,34.46444444
Mathura,India,1.9447,560000,12000,28.80833333,55.14166667,12.83595082,117.4869,77.672145,27.503501,186,97,07/04/2020,05/05/2020,-69.55172414,-33.82758621,-60.68965517,-79,-50.65517241,22.72413793,78,13079.6193,NA,NA,90.87321047,NA,8.6,68.8,0.057535225,99.28172414
Meerut,India,1.2961,1665000,10400,27.68518519,41.72,12.97300194,117.8758,77.706356,28.980018,222,88,29/03/2020,22/05/2020,-69.34545455,-30.07272727,-67.90909091,-66.4,-51.78181818,21.85454545,78,13079.6193,NA,NA,90.87321047,NA,8.6,68.8,0.057535225,91.33036364
Moradabad,India,2.1844,1125000,21700,23.73636364,48.21212121,12.50531937,112.1061,78.776838,28.838931,233,81,22/03/2020,23/04/2020,-42.75757576,-27.48484848,-20.75757576,-45.3030303,-37,13.12121212,78,13079.6193,NA,NA,90.87321047,NA,8.6,68.8,0.057535225,74.8169697
Mumbai,India,1.4042,23645000,26900,29.40666667,67.355,12.36953376,119.291,72.88261414,19.07282593,8,71,12/03/2020,10/05/2020,-61.51666667,-43.08333333,-64.71666667,-61,-53.18333333,21.53333333,78,13079.6193,NA,NA,90.87321047,NA,8.6,68.8,0.057535225,71.58233333
Muzaffarnagar,India,1.1504,655000,23000,29.15660377,42.20740741,13.24425389,118.7672,77.703324,29.470914,222,99,09/04/2020,01/06/2020,-74.90740741,-28.7037037,-43.57407407,-58.40740741,-42.03703704,22.25925926,78,13079.6193,NA,NA,90.87321047,NA,8.6,68.8,0.057535225,93.97277778
Nagpur,India,1.3337,2860000,10500,29.945,53.17,12.41352086,114.2495,79.08491,21.14631,308,71,12/03/2020,10/05/2020,-54.38333333,-32.58333333,-46.2,-48.96666667,-40.98333333,21.75,78,13079.6193,NA,NA,90.87321047,NA,8.6,68.8,0.057535225,71.58233333
Nashik,India,1.7473,1950000,14500,29.94509804,42.88431373,12.64041183,119.7462,73.79096,19.99727,601,90,31/03/2020,20/05/2020,-70.90196078,-43.58823529,-61.29411765,-62.54901961,-54.52941176,30.50980392,78,13079.6193,NA,NA,90.87321047,NA,8.6,68.8,0.057535225,93.57352941
Panipat,India,1.5734,525000,8100,24.35,54.20666667,12.69246906,111.047,76.968246,29.387471,248,80,21/03/2020,07/05/2020,-51.875,-41.375,-34.375,-58.75,-46.72916667,19.33333333,78,13079.6193,NA,NA,90.87321047,NA,8.6,68.8,0.057535225,80.854375
Patiala,India,2.3865,560000,6200,25.64285714,64.63333333,12.74510602,113.1372,76.392199,30.336245,249,94,04/04/2020,24/04/2020,-79.14285714,-67.9047619,-59.76190476,-75.19047619,-60.28571429,24.0952381,78,13079.6193,NA,NA,90.87321047,NA,8.6,68.8,0.057535225,97.59666667
Patna,India,1.4042,2385000,16700,27.940625,63.615625,12.72023486,113.3924,85.13563,25.59408,57,82,23/03/2020,17/05/2020,-69.10714286,-47.07142857,-65.46428571,-61.625,-49.25,18.92857143,78,13079.6193,NA,NA,90.87321047,NA,8.6,68.8,0.057535225,85.54125
Puducherry,India,1.6768,795000,9600,31.47567568,75.7972973,12.53814576,115.5314,79.829792,11.933812,38,116,26/04/2020,01/06/2020,-82.10810811,-42.83783784,-75.43243243,-47.40540541,-45.05405405,32.21621622,78,13079.6193,NA,NA,90.87321047,NA,8.6,68.8,0.057535225,91.20351351
Pune,India,1.4982,6265000,10800,28.62333333,48.78166667,12.32526087,116.1252,73.85535479,18.51957423,555,69,10/03/2020,08/05/2020,-56.2,-42.96666667,-47.23333333,-48.41666667,-48.23333333,24.08333333,78,13079.6193,NA,NA,90.87321047,NA,8.6,68.8,0.057535225,68.712
Rajkot,India,1.188,1760000,17400,31.47457627,48.73559322,12.58554943,120.7846,70.793217,22.291606,134,79,20/03/2020,17/05/2020,-63.72881356,-44.93220339,-48.79661017,-46.94915254,-49.86440678,24.86440678,78,13079.6193,NA,NA,90.87321047,NA,8.6,68.8,0.057535225,82.55694915
Ranchi,India,2.0434,1375000,9800,26.90526316,59.00526316,12.69525967,110.23,85.3094,23.34316,652,102,12/04/2020,30/04/2020,-79.15789474,-67.78947368,-59.47368421,-79.89473684,-57.05263158,25.36842105,78,13079.6193,NA,NA,90.87321047,NA,8.6,68.8,0.057535225,100
Saharanpur,India,1.6627,910000,16700,25.1,51.37272727,12.77578108,110.6571,77.545221,29.967896,248,94,04/04/2020,27/04/2020,-67.75,-56.625,-52.79166667,-71.16666667,-52.25,22.08333333,78,13079.6193,NA,NA,90.87321047,NA,8.6,68.8,0.057535225,97.89708333
Salem,India,1.2585,1080000,10200,31.5675,62.02682927,12.26931573,120.4593,78.16,11.65,279,85,26/03/2020,05/05/2020,-57.58536585,-31.46341463,17.31707317,-43.68292683,-40.97560976,23.7804878,78,13079.6193,NA,NA,90.87321047,NA,8.6,68.8,0.057535225,86.68682927
Solapur,India,1.4794,1040000,16100,33.446,42.57254902,12.73197405,116.2187,75.910437,17.671523,477,103,13/04/2020,02/06/2020,-75.70588235,-43.64705882,-45.01960784,-63.19607843,-49.29411765,33.8627451,78,13079.6193,NA,NA,90.87321047,NA,8.6,68.8,0.057535225,93.20980392
Srinagar,India,1.094,1535000,8800,15.03166667,65.68833333,13.16990208,108.6501,74.805553,34.085652,1585,85,26/03/2020,24/05/2020,32.8,83.43333333,217.3529412,162.2166667,79.01666667,17.93333333,78,13079.6193,NA,NA,90.87321047,NA,8.6,68.8,0.057535225,88.05566667
Surat,India,2.1421,6385000,27400,30.34166667,59.72777778,12.34524833,119.1192,72.830232,21.195944,10,79,20/03/2020,24/04/2020,-48.44444444,-40.97222222,-39.58333333,-44.38888889,-48.22222222,23.30555556,78,13079.6193,NA,NA,90.87321047,NA,8.6,68.8,0.057535225,72.85166667
Thiruvananthapuram,India,1.799,2325000,7500,29.68076923,73.62307692,12.04897929,117.4917,76.949238,8.485498,60,73,14/03/2020,08/04/2020,-25.84615385,-10.84615385,-24.46153846,-21.38461538,-14.84615385,9.923076923,78,13079.6193,NA,NA,90.87321047,NA,8.6,68.8,0.057535225,42.32538462
Thoothukkudi,India,1.5405,520000,4000,30.85740741,77.02363636,12.29886215,113.3078,78.13425,8.76735,3,91,01/04/2020,28/05/2020,-67.62068966,-44.06896552,-47.77586207,-49.68965517,-39.39655172,27.46551724,78,13079.6193,NA,NA,90.87321047,NA,8.6,68.8,0.057535225,92.75206897
Thrissur,India,1.6862,2670000,7400,29.71555556,61.36585366,11.81294011,109.3866,76.2166667,10.5166667,39,30,31/01/2020,30/03/2020,-11.51612903,-3.709677419,-12.74193548,-13.25806452,1.580645161,3.903225806,78,13079.6193,NA,NA,90.87321047,NA,8.6,68.8,0.057535225,12.90416667
Tiruchirappalli,India,1.564,1155000,13500,32.536,58.708,12.27480881,114.9553,78.696513,10.815499,85,95,05/04/2020,30/04/2020,-77.03846154,-54.19230769,-50.46153846,-62.65384615,-59.46153846,30,78,13079.6193,NA,NA,90.87321047,NA,8.6,68.8,0.057535225,98.96692308
Tirunelveli,India,1.3478,6.00E+05,8000,31.15,53.64107143,12.24327907,109.2906,77.683798,8.727418,45,82,23/03/2020,21/05/2020,-59.16666667,-26.71666667,-22.68333333,-41.33333333,-33.96666667,23.36666667,78,13079.6193,NA,NA,90.87321047,NA,8.6,68.8,0.057535225,85.30116667
Tiruppur,India,2.6544,1335000,12900,29.84347826,60.77391304,12.1509481,120.0516,77.35456467,11.1154117,396,83,24/03/2020,15/04/2020,-32.91304348,-19.52173913,-6,-29.04347826,-28.95652174,17.56521739,78,13079.6193,NA,NA,90.87321047,NA,8.6,68.8,0.057535225,70.22869565
Udaipur,India,2.4288,555000,7700,31.08837209,38.1255814,12.79087498,121.8696,73.71346,24.58584,509,93,03/04/2020,15/05/2020,-80.76744186,-58.3255814,-73.76744186,-71.93023256,-58.90697674,28.95348837,78,13079.6193,NA,NA,90.87321047,NA,8.6,68.8,0.057535225,97.11534884
Ujjain,India,1.4042,580000,14000,30.62333333,40.02166667,12.73756271,119.9875,75.776433,23.182387,488,85,26/03/2020,24/05/2020,-69.66666667,-44.75,-33.61666667,-66.36666667,-47.96666667,25.45,78,13079.6193,NA,NA,90.87321047,NA,8.6,68.8,0.057535225,88.05566667
Vadodara,India,1.3431,2130000,11400,32.28,44.78727273,12.56892156,121.8214,73.208119,22.299405,37,80,21/03/2020,14/05/2020,-67.94545455,-51.8,-62.21818182,-59.29090909,-53.83636364,27.25454545,78,13079.6193,NA,NA,90.87321047,NA,8.6,68.8,0.057535225,82.82018182
Varanasi,India,1.4465,1645000,9800,28.82307692,49.13518519,12.66840115,117.2674,83.010415,25.316682,88,81,22/03/2020,14/05/2020,-61.83333333,-45.96296296,-57.59259259,-60.11111111,-45.66666667,19.59259259,78,13079.6193,NA,NA,90.87321047,NA,8.6,68.8,0.057535225,83.85666667
Vellore,India,1.3619,555000,11300,31.34705882,47.90588235,12.28064405,118.6699,79.13254738,12.91840463,213,95,05/04/2020,21/04/2020,-65.05882353,-49,-20,-63.58823529,-55.76470588,28.94117647,78,13079.6193,NA,NA,90.87321047,NA,8.6,68.8,0.057535225,98.42
Visakhapatnam,India,1.5311,1935000,6200,29.85576923,76.08653846,12.45067723,114.5417,83.20161,17.68009,45,82,23/03/2020,13/05/2020,-66.07692308,-44.59615385,-59.67307692,-56.76923077,-46.48076923,24.01923077,78,13079.6193,NA,NA,90.87321047,NA,8.6,68.8,0.057535225,84.71365385
Jakarta,Indonesia,1.3713,34365000,10200,28.83673469,79.02244898,11.96210343,92.77708,106.8451309,-6.214623197,8,62,03/03/2020,20/04/2020,-19.2244898,-5,-20.46938776,-22.67346939,-12.97959184,8.387755102,73,7762.88177,NA,NA,16.5026533,NA,7.6,69.3,0.07506217,39.72081633
Yogyakarta,Indonesia,1.1457,2045000,8800,28.85166667,76.835,11.84046866,92.44576,110.364722,-7.801389,3,73,14/03/2020,12/05/2020,-31.68333333,-18.61666667,-44.05,-47.51666667,-23.56666667,12.48333333,73,7762.88177,NA,NA,16.5026533,NA,7.6,69.3,0.07506217,53.62766667
Bergamo,Italy,1.611,870000,3400,8.892592593,67.33703704,11.44945097,54.92182,9.667210213,45.69601186,238,56,26/02/2020,23/03/2020,-15.75,-8.333333333,7.166666667,-23.5,-14.16666667,6.083333333,85,41830.42633,NA,22.4,16.75071194,34.8,35,82.8,0.084884759,51.33777778
Bologna,Italy,1.6204,530000,3400,9.290322581,68.51290323,11.78184024,58.80302,11.33874893,44.49381148,36,60,01/03/2020,31/03/2020,-27.22580645,-4.741935484,-13.90322581,-31.74193548,-19.48387097,9.419354839,85,41830.42633,54302,17.3,16.75071194,38.8,35,82.8,0.084884759,64.1
Catania,Italy,1.3995,725000,2900,12.21944444,74.39166667,11.84990547,65.57328,15.07041273,37.49223188,11,58,28/02/2020,03/04/2020,-29.17142857,-14.45714286,-24.42857143,-29.57142857,-20.34285714,9.514285714,85,41830.42633,23225,14.1,16.75071194,28.9,35,82.8,0.084884759,63.55638889
Florence,Italy,1.4371,835000,3800,10.3,64.69761905,11.86236605,65.94576,11.24626176,43.77925381,17,56,26/02/2020,07/04/2020,-36.48717949,-15.71794872,-26.12820513,-33.71794872,-24.15384615,12.12820513,85,41830.42633,49859,14.4,16.75071194,40.9,35,82.8,0.084884759,64.13309524
Genoa,Italy,1.3995,610000,7900,12.49555556,57.92666667,12.19106174,74.10016,8.94439,44.40478,44,61,02/03/2020,15/04/2020,-46.35555556,-22.44444444,-38.13333333,-44.57777778,-36.33333333,16,85,41830.42633,45933,12.8,16.75071194,47.3,35,82.8,0.084884759,73.99444444
Milan,Italy,1.4982,5295000,2800,9.135294118,66.51176471,11.64099038,55.8529,9.189505577,45.46426938,107,56,26/02/2020,30/03/2020,-33.77419355,-10,-7.483870968,-37.96774194,-25.41935484,11.22580645,85,41830.42633,58567,24.8,16.75071194,34.8,35,82.8,0.084884759,58.22558824
Naples,Italy,1.3995,3690000,3600,11.58461538,64.61538462,11.89856494,74.39419,14.26811,40.85216,72,58,28/02/2020,06/04/2020,-32.92105263,-17.63157895,-28.68421053,-33.13157895,-26.78947368,10.55263158,85,41830.42633,25233,16,16.75071194,25.6,35,82.8,0.084884759,65.71897436
Padova,Italy,1.3901,615000,3300,9.431428571,74.03142857,11.6683315,57.58354,11.88586273,45.40797277,45,56,26/02/2020,31/03/2020,-28.8125,-8.90625,-20.46875,-35.8125,-18.53125,9.15625,85,41830.42633,44525,24.8,16.75071194,35.7,35,82.8,0.084884759,58.996
Palermo,Italy,1.9635,730000,4100,13.79677419,70.7516129,11.66116065,69.44637,13.33561242,38.13205393,21,56,26/02/2020,27/03/2020,-16.07142857,-4.821428571,-2.75,-20.35714286,-13.85714286,5.035714286,85,41830.42633,24430,15.2,16.75071194,29.5,35,82.8,0.084884759,55.61612903
Rome,Italy,1.5123,3995000,3600,10.99428571,68.94,11.70688176,67.34556,12.51132608,41.89193405,129,56,26/02/2020,31/03/2020,-23.59375,-6.90625,-13.59375,-24.0625,-16.4375,7.71875,85,41830.42633,48705,15.7,16.75071194,32.2,35,82.8,0.084884759,58.996
Turin,Italy,1.4183,1530000,4100,6.147619048,65.38571429,11.8297907,57.48969,7.686824799,45.07048985,709,56,26/02/2020,06/04/2020,-34.18421053,-17.18421053,-19.07894737,-36.5,-26.89473684,12.28947368,85,41830.42633,43506,22.5,16.75071194,39.9,35,82.8,0.084884759,63.46146341
Fukuoka,Japan,1.8883,2480000,4900,12.3,63.69245283,11.88736243,69.87321,130.416667,33.6,3,50,20/02/2020,12/04/2020,-3.25,2.295454545,6.159090909,-18.65909091,-4.113636364,3.113636364,95,42797.45852,NA,15.5,11.70477819,35.9,42.7,84.2,0.09259992,33.26226415
Hiroshima,Japan,2.1139,1370000,5900,11.54390244,55.20731707,12.20500561,76.68343,132.45,34.4,4,65,06/03/2020,15/04/2020,-2.463414634,4.170731707,4.024390244,-16.95121951,-4.024390244,3.268292683,95,42797.45852,NA,10.6,11.70477819,41.4,42.7,84.2,0.09259992,38.73073171
Nagano,Japan,1.564,705000,2500,6.234,71.426,12.0090597,72.23354,138.183333,36.65,418,55,25/02/2020,14/04/2020,-2.152173913,3.586956522,-2.47826087,-14.63043478,-3.586956522,3.391304348,95,42797.45852,NA,11.6,11.70477819,51.7,42.7,84.2,0.09259992,34.9436
Nagoya,Japan,1.4982,10240000,2800,8.495238095,64.67619048,11.14594157,60.42656,136.9064096,35.1814728,51,46,16/02/2020,07/03/2020,-1.25,0.375,-4.5,-5,0.25,1.25,95,42797.45852,NA,12.2,11.70477819,40.5,42.7,84.2,0.09259992,19.17619048
Niigata,Japan,1.3337,855000,3300,7.708333333,71.0875,11.62284079,61.91996,139.00589,37.88637,2,59,29/02/2020,22/03/2020,-0.260869565,4.260869565,-0.52173913,-10.2173913,-2.434782609,2.565217391,95,42797.45852,NA,10.3,11.70477819,47.4,42.7,84.2,0.09259992,31.84347826
Osaka-Kobe-Kyoto,Japan,2.0246,17150000,5700,8.804545455,62.45681818,10.94681146,54.07207,135.5021819,34.69373984,23,28,29/01/2020,12/03/2020,-1,1,1.641025641,-5.41025641,-4.461538462,1.923076923,95,42797.45852,NA,12.4,11.70477819,44.6,42.7,84.2,0.09259992,13.88795455
Shizuoka,Japan,1.6909,670000,3700,12.41086957,63.76086957,12.02714266,76.53574,138.383333,34.983333,14,58,28/02/2020,12/04/2020,-0.613636364,3.204545455,4.522727273,-12.59090909,-3.727272727,3.295454545,95,42797.45852,NA,11.3,11.70477819,50,42.7,84.2,0.09259992,35.71955556
Tokyo-Yokohama,Japan,4.3793,38505000,4700,7.639130435,56.86086957,10.37446692,44.99706,139.69171,35.6895,5,23,24/01/2020,15/02/2020,NA,NA,NA,NA,NA,NA,95,42797.45852,NA,13.3,11.70477819,38,42.7,84.2,0.09259992,3.021304348
Almaty,Kazakhstan,1.5828,1670000,3100,8.666666667,55.92222222,12.11299044,86.69899,76.928611,43.256667,847,73,14/03/2020,31/03/2020,8.277777778,11,6,16.72222222,3.555555556,-0.666666667,82,27879.75195,NA,NA,13.82428836,NA,10.2,71.1,0.073540703,15.73777778
Mombasa,Kenya,1.2726,1280000,15000,26.88545455,84.12857143,11.87453796,81.23418,39.663588,-4.054655,57,88,29/03/2020,23/05/2020,-35.14642857,-31.74642857,-34.58571429,-37.4,-28.13571429,19.41071429,43,3467.556478,NA,NA,28.57837427,NA,4.6,66.7,0.045248093,82.80535714
Nairobi,Kenya,1.7567,5970000,7200,19.01481481,83.61481481,11.99323344,104.9647,36.8166667,-1.2833333,1798,72,13/03/2020,08/04/2020,-2.259259259,-2.140740741,-1.237037037,-1.103703704,-1.02962963,3.474074074,43,3467.556478,NA,NA,28.57837427,NA,4.6,66.7,0.045248093,34.91111111
Kuala Lumpur,Malaysia,1.4935,7860000,3600,28.87,78.40666667,11.95571243,103.8581,101.6865349,3.141201718,22,34,04/02/2020,03/04/2020,-13.8,-6.171428571,-18.02857143,-10.65714286,-4.2,5.085714286,95,31782.15336,NA,NA,16.03580871,NA,8.5,75.3,0.06374955,22.68233333
Acapulco,Mexico,1.3619,790000,6600,27.82807018,76.77833333,12.32360817,125.2417,-99.90891,16.84942,3,71,12/03/2020,10/05/2020,-32.08333333,-13.33333333,-27.46666667,-31.61666667,-20.98333333,8.483333333,83,9673.443674,NA,22.1,20.92111579,10.1,9.8,76.6,0.065172441,46.09766667
Aguascalientes,Mexico,2.0105,855000,4300,16.95178571,46.62372881,11.27829241,93.64552,-102.282586,21.88234,1874,14,15/01/2020,13/03/2020,-0.071428571,0.285714286,3.5,-5.428571429,8.071428571,-1.642857143,83,9673.443674,23990,22.7,20.92111579,8.9,9.8,76.6,0.065172441,0.047118644
Cancun,Mexico,1.3807,785000,3900,28.01509434,63.57777778,12.16392649,108.3384,-86.84655905,21.17428757,22,61,02/03/2020,24/04/2020,-23.35185185,-9.722222222,-23.38888889,-28.37037037,-16.85185185,9.388888889,83,9673.443674,NA,34.9,20.92111579,5,9.8,76.6,0.065172441,26.80185185
Chihuahua,Mexico,1.4465,895000,3500,21.58333333,26.05833333,12.45499736,116.4104,-106.0888889,28.63527778,1472,72,13/03/2020,29/04/2020,-26.875,-6.145833333,-20.04166667,-26.72916667,-19.39583333,8.895833333,83,9673.443674,NA,26.2,20.92111579,10.5,9.8,76.6,0.065172441,38.73645833
Ciudad Juarez,Mexico,1.423,1435000,4000,17.08888889,45.64074074,12.6051211,120.9817,-106.460842,31.720238,1468,72,13/03/2020,05/05/2020,-30.18518519,-7.777777778,-22.72222222,-30.55555556,-21.96296296,10.07407407,83,9673.443674,NA,20.3,20.92111579,7.2,9.8,76.6,0.065172441,43.58907407
Cuernavaca,Mexico,1.5311,875000,4200,24.075,35.18235294,12.17114915,121.6136,-99.23075,18.9261,1618,62,03/03/2020,26/04/2020,-15.94545455,-2.745454545,-13.25454545,-15.21818182,-11.54545455,6.181818182,83,9673.443674,13263,20.5,20.92111579,12,9.8,76.6,0.065172441,29.31127273
Culiacan,Mexico,1.9447,550000,3100,21.44901961,68.86315789,11.5108355,90.70847,-107.387816,24.790325,39,29,30/01/2020,29/03/2020,0.433333333,1.7,11.76666667,2.533333333,4.066666667,-0.366666667,83,9673.443674,NA,27.9,20.92111579,9.4,9.8,76.6,0.065172441,0.787666667
Durango,Mexico,1.5875,560000,4400,21.54038462,32.21666667,12.30196095,123.9281,-104.657555,24.020319,1872,66,07/03/2020,29/04/2020,-23.83333333,-7.240740741,-19.61111111,-17.68518519,-15.64814815,6.833333333,83,9673.443674,NA,25.5,20.92111579,9.4,9.8,76.6,0.065172441,34.43240741
Guadalajara,Mexico,2.8424,4870000,6100,20.34285714,70.85,11.81696053,108.7749,-103.391824,20.666823,1507,66,07/03/2020,15/03/2020,1,2.666666667,7.222222222,4.333333333,5,-1.222222222,83,9673.443674,20541,26.1,20.92111579,9.2,9.8,76.6,0.065172441,0.926666667
Hermosillo,Mexico,1.4277,860000,4200,24.33333333,32.83333333,12.59601273,120.0408,-110.977324,29.102602,211,71,12/03/2020,10/05/2020,-34.38333333,-12.53333333,-29.66666667,-31.53333333,-27.76666667,12.18333333,83,9673.443674,NA,32.5,20.92111579,8.7,9.8,76.6,0.065172441,46.09766667
Leon,Mexico,1.2914,1645000,4500,29.92807018,71.31525424,12.24626025,123.3949,-86.878042,12.437873,118,72,13/03/2020,11/05/2020,-32.68333333,-8.25,-28.21666667,-30.58333333,-22.15,10.83333333,83,9673.443674,NA,23.3,20.92111579,7.4,9.8,76.6,0.065172441,47.47116667
Merida,Mexico,1.2397,1070000,4300,30.00508475,72.30666667,12.33455539,117.0492,-89.616959,20.975368,10,67,08/03/2020,06/05/2020,-36.13333333,-15.48333333,-35.7,-39.98333333,-26.41666667,14.16666667,83,9673.443674,15983,29.5,20.92111579,11.1,9.8,76.6,0.065172441,40.60366667
Mexicali,Mexico,1.282,1.00E+06,4300,21.57647059,68.27241379,12.68613161,116.806,-115.45446,32.62781,11,71,12/03/2020,10/05/2020,-33.86666667,-8.1,-28.56666667,-36.55,-23.93333333,12.41666667,83,9673.443674,NA,39,20.92111579,10.1,9.8,76.6,0.065172441,46.09766667
Mexico City,Mexico,1.423,20395000,8600,20.68474576,54.65932203,12.05813257,117.6898,-99.12766457,19.42847243,2303,53,23/02/2020,22/04/2020,-19.2037037,-5.018518519,-16.2037037,-18.35185185,-13.62962963,7.055555556,83,9673.443674,25697,22.1,20.92111579,11.7,9.8,76.6,0.065172441,21.37466667
Monterrey,Mexico,1.6674,4345000,4500,23.63888889,65.55555556,11.80487326,87.453,-100.318465,25.675065,515,62,03/03/2020,22/03/2020,2.85,4.85,5.7,7.65,7.1,-1.2,83,9673.443674,33795,27.1,20.92111579,9.3,9.8,76.6,0.065172441,1.39
Morelia,Mexico,1.1457,1035000,5600,22.21166667,57.14833333,12.34773274,121.7806,-101.1844254,19.70077891,1913,69,10/03/2020,08/05/2020,-26.51666667,-9.183333333,-15.73333333,-25.08333333,-17.36666667,7.466666667,83,9673.443674,NA,18.6,20.92111579,9.9,9.8,76.6,0.065172441,43.35066667
Oaxaca,Mexico,1.4418,595000,2700,23.85166667,69.725,12.29802938,121.3508,-96.723645,17.065418,1550,69,10/03/2020,08/05/2020,-28.28333333,-14.03333333,-28.15,-27.65,-19.06666667,8.05,83,9673.443674,NA,22.4,20.92111579,9.9,9.8,76.6,0.065172441,43.35066667
Puebla,Mexico,1.1974,2210000,5000,20.35833333,40.67333333,12.26676357,122.9169,-98.203457,19.037926,2179,65,06/03/2020,04/05/2020,-25.81666667,-6.116666667,-19.1,-18.98333333,-20.23333333,8.733333333,83,9673.443674,NA,21.7,20.92111579,9.2,9.8,76.6,0.065172441,37.85666667
Queretaro,Mexico,1.1692,1075000,3000,22.46779661,49.61666667,12.29044775,124.2883,-100.3880556,20.58805556,1813,65,06/03/2020,04/05/2020,-26.93333333,-6.416666667,-22.71666667,-13.4,-20.13333333,10.1,83,9673.443674,24464,18.9,20.92111579,8.4,9.8,76.6,0.065172441,37.85666667
Reynosa,Mexico,1.2068,640000,3500,25.25,76.90208333,12.64140688,98.094,-98.28835,26.080613,515,76,17/03/2020,15/05/2020,-34.21666667,-10.7,-34.11666667,-35.43333333,-28.1,11.9,83,9673.443674,NA,22.1,20.92111579,7.8,9.8,76.6,0.065172441,52.77983333
Saltillo,Mexico,1.9494,8.00E+05,2900,16.74117647,44.76666667,11.5528095,97.50965,-101.005299,25.423213,1790,36,06/02/2020,27/03/2020,2,2.464285714,6.5,1.678571429,6.178571429,-0.928571429,83,9673.443674,NA,22,20.92111579,9,9.8,76.6,0.065172441,0.817647059
San Luis Potosi,Mexico,1.1457,1170000,5500,22.24,48.62666667,12.35529457,123.2587,-100.979161,22.149825,1883,67,08/03/2020,06/05/2020,-26.76666667,-8.05,-23.71666667,-24.66666667,-20.68333333,9.45,83,9673.443674,NA,21.5,20.92111579,9.4,9.8,76.6,0.065172441,40.60366667
Tampico,Mexico,1.3854,550000,2500,26.99,79.76,12.40199195,103.8994,-97.87777,22.28519,9,74,15/03/2020,03/05/2020,-28.04,-7.6,-28.24,-29.64,-22.82,9.62,83,9673.443674,NA,21.6,20.92111579,11.9,9.8,76.6,0.065172441,43.6686
Tijuana,Mexico,2.1562,1485000,3600,15.52777778,73.82542373,10.93856386,70.97376,-117.003714,32.502698,11,17,18/01/2020,16/03/2020,2.529411765,2.352941176,5.411764706,0.764705882,7,-1.352941176,83,9673.443674,NA,18.5,20.92111579,7.4,9.8,76.6,0.065172441,0.188474576
Toluca,Mexico,1.3619,2070000,4800,15.73666667,52.65666667,12.39101716,120.7617,-99.653237,19.287858,2720,72,13/03/2020,11/05/2020,-27.2,-6.15,-20.86666667,-31.61666667,-23.48333333,11,83,9673.443674,NA,17.4,20.92111579,8.9,9.8,76.6,0.065172441,47.47116667
Torreon,Mexico,1.5358,1230000,5000,20.81206897,62.82241379,11.4454729,96.9175,-103.418976,25.543891,1123,28,29/01/2020,26/03/2020,1.814814815,2.185185185,6.074074074,1.333333333,6.222222222,-0.888888889,83,9673.443674,NA,24,20.92111579,10.1,9.8,76.6,0.065172441,0.671034483
Tuxtla Gutierrez,Mexico,1.3243,625000,4500,27.36612903,60.68225806,12.09583743,111.1942,-93.113081,16.759727,528,56,26/02/2020,25/04/2020,-19.78947368,-6.894736842,-16.66666667,-19.01754386,-8.473684211,4.894736842,83,9673.443674,NA,31.8,20.92111579,7.6,9.8,76.6,0.065172441,25.49516667
Veracruz,Mexico,1.4183,815000,5000,21.36833333,77.88833333,12.42578701,111.4837,-96.6666667,19.3333333,1389,74,15/03/2020,13/05/2020,-31,-9.9,-25.88333333,-28.23333333,-20.43333333,8.95,83,9673.443674,NA,25,20.92111579,12,9.8,76.6,0.065172441,50.1255
Villahermosa,Mexico,1.3102,6.00E+05,5300,30.35,70.89333333,12.31523227,118.6595,-92.930277,17.986893,10,69,10/03/2020,08/05/2020,-32.36666667,-15.43333333,-25.23333333,-21.3,-20.96666667,9.883333333,83,9673.443674,NA,28.1,20.92111579,8.6,9.8,76.6,0.065172441,43.35066667
Xalapa,Mexico,1.2773,530000,7100,21.58666667,78.29666667,12.53049328,109.5375,-96.91589,19.53124,1389,80,21/03/2020,19/05/2020,-35.91666667,-11.78333333,-30.38333333,-33.53333333,-25.45,10.63333333,83,9673.443674,NA,21.2,20.92111579,10.9,9.8,76.6,0.065172441,58.0885
Amsterdam,Netherlands,1.7144,1670000,3300,6.741176471,65.77647059,12.12184253,56.88297,4.889688492,52.3740272,-4,73,14/03/2020,30/03/2020,-14.17647059,6.647058824,-7.941176471,-14.41176471,-7.058823529,3.411764706,90,56328.94114,72567,12.2,12.03440807,24.8,27.4,81.6,0.13191513,17.32117647
Rotterdam-Hague,Netherlands,1.3619,2680000,2700,8.251515152,65.9,12.65155658,68.78733,4.479167,51.9225,-5,73,14/03/2020,15/04/2020,-32.27272727,-3.939393939,2.484848485,-37.54545455,-26.8030303,10.22727273,90,56328.94114,60124,12.3,12.03440807,27.6,27.4,81.6,0.13191513,43.99515152
Utrecht,Netherlands,1.4747,705000,2500,6.664705882,63.37647059,12.12060253,57.54388,5.122222,52.090833,2,73,14/03/2020,30/03/2020,-10.82352941,4.823529412,-2.470588235,-13.76470588,-7.588235294,3.176470588,90,56328.94114,65091,12.3,12.03440807,23.7,27.4,81.6,0.13191513,17.32117647
Niamey,Niger,2.6826,1590000,12300,34.52857143,19.32142857,12.09185127,117.8654,2.109804153,13.51366499,223,80,21/03/2020,03/04/2020,-2.428571429,1.642857143,-8,0.214285714,3.5,-1.285714286,39,1063.421841,NA,NA,94.05381768,NA,5.4,59.8,0.047443341,14.28642857
Abuja,Nigeria,1.3055,2695000,3000,29.82045455,63.02708333,12.20288461,106.1279,7.49508,9.05785,344,80,21/03/2020,09/05/2020,-39.24,-32.32,-38.06,-54.04,-33.06,23.12,51,5990.850432,NA,NA,71.79817438,NA,5.1,55.2,0.045632403,58.1754
Lagos,Nigeria,1.3431,14630000,7500,28.96428571,81.555,12.14787694,96.11065,3.394673,6.454066,40,76,17/03/2020,15/05/2020,-47.93965517,-37.82758621,-42.38333333,-48.45,-34.94166667,20.06493506,51,5990.850432,NA,NA,71.79817438,NA,5.1,55.2,0.045632403,57.78516667
Oslo,Norway,1.6439,1020000,3200,2.19375,75.59375,11.29615188,35.19685,10.74609,59.91273,94,56,26/02/2020,28/03/2020,-8.068965517,0.827586207,-1.103448276,-11.34482759,-7.24137931,2.379310345,93,65510.58527,65647,8.4,6.956519803,21,24.8,82.5,0.135606681,14.4665625
Rawalpindi-Islamabad,Pakistan,1.282,4170000,5200,21.34285714,61.38333333,12.67965913,98.84882,73.047904,33.597331,507,70,11/03/2020,09/05/2020,-35.15512821,-24.82179487,-23.04871795,-31.65128205,-27.62692308,11.03717949,49,5567.055608,NA,NA,58.28241877,NA,7.4,66.5,0.050989728,69.90766667
Asuncion,Paraguay,1.799,2815000,4000,28.6,54.05,12.01778495,101.0618,-57.647,-25.28646,83,70,11/03/2020,28/03/2020,-1.333333333,6.611111111,-2.166666667,-8.5,11.72222222,0.722222222,65,13599.92656,NA,NA,11.90908085,NA,9.4,74.2,0.090154381,16.30944444
Arequipa,Peru,1.4183,9.00E+05,4600,NA,NA,11.74330989,103.2409,-71.535,-16.3988889,2538,67,08/03/2020,06/05/2020,-52.71666667,-40.2,-46.78333333,-51.58333333,-45.91666667,24.15,48,14418.07067,NA,NA,24.78672805,NA,10.5,75.9,0.072797019,64.85833333
Chiclayo,Peru,1.3948,590000,11400,25.48,62.4703125,11.8696652,110.4926,-79.840876,-6.771372,29,74,15/03/2020,08/05/2020,-63.23636364,-49.87272727,-53.52727273,-67.67272727,-50.63636364,24.41818182,48,14418.07067,NA,NA,24.78672805,NA,10.5,75.9,0.072797019,74.18872727
Lima,Peru,1.3807,11460000,12800,22.64745763,78.625,11.82455408,106.4546,-77.02823639,-12.0431819,12,66,07/03/2020,05/05/2020,-53.45,-36.73333333,-52.15,-52.06666667,-48.23333333,25.53333333,48,14418.07067,NA,NA,24.78672805,NA,10.5,75.9,0.072797019,63.28433333
Trujillo,Peru,1.4136,840000,8500,22.25,83.478125,11.83324616,105.1382,-79.02997971,-8.115994277,30,75,16/03/2020,10/05/2020,-65.17857143,-45.48214286,-57.28571429,-67.625,-54.35714286,26.51785714,48,14418.07067,NA,NA,24.78672805,NA,10.5,75.9,0.072797019,76.23678571
Angeles City,Philippines,1.2397,1080000,5800,28.82,66.72,12.10906386,107.7268,120.580602,15.1415627,196,68,09/03/2020,16/04/2020,-34.94871795,-22.51282051,-24.20512821,-38.35897436,-29.46153846,15.05128205,53,8951.085654,NA,NA,18.06979891,NA,7.2,69.3,0.090853631,60.5174359
Bacolod City,Philippines,1.094,580000,7000,28.87818182,79.14909091,12.08926642,114.7886,122.95,10.6666667,3,62,03/03/2020,25/04/2020,-39.23251029,-26.63580247,-31.98971193,-42.12345679,-31.3436214,16.12345679,53,8951.085654,NA,NA,18.06979891,NA,7.2,69.3,0.090853631,63.15148148
Cebu City,Philippines,1.6439,2645000,11300,28.76393443,72.92131148,12.12242335,117.9824,123.8907087,10.31672162,23,63,04/03/2020,02/05/2020,-44.42407407,-30.91851852,-36.23148148,-47.59444444,-36.05185185,18.32777778,53,8951.085654,NA,NA,18.06979891,NA,7.2,69.3,0.090853631,68.08633333
Davao City,Philippines,2.363,1530000,11800,29.08333333,71.01666667,11.94633183,115.3478,125.6127778,7.0730556,17,66,07/03/2020,17/03/2020,-1.101010101,0.02020202,0.666666667,-3.737373737,-0.121212121,1.666666667,53,8951.085654,NA,NA,18.06979891,NA,7.2,69.3,0.090853631,25
General Santos City,Philippines,1.9165,575000,6000,29.240625,69.3625,12.16327041,106.0289,125.1716667,6.1127778,133,83,24/03/2020,17/05/2020,-61.21818182,-48.47272727,-41.85454545,-55.83636364,-46.74545455,25.23636364,53,8951.085654,NA,NA,18.06979891,NA,7.2,69.3,0.090853631,92.256
Iloilo City,Philippines,1.2303,530000,5800,29.18307692,78.57538462,12.17401104,116.6429,122.5644444,10.6969444,3,68,09/03/2020,07/05/2020,-50.88888889,-35.99814815,-41.34444444,-54.32407407,-42.01481481,21.00740741,53,8951.085654,NA,NA,18.06979891,NA,7.2,69.3,0.090853631,74.33633333
Manila,Philippines,1.5781,25065000,13800,28.72105263,66.13157895,11.87372473,102.0394,120.9822,14.6042,16,61,02/03/2020,20/03/2020,-1.923976608,-0.748538012,-1.50877193,-4.239766082,1.67251462,1.415204678,53,8951.085654,NA,NA,18.06979891,NA,7.2,69.3,0.090853631,25
Zamboanga City,Philippines,1.3525,770000,14200,28.9,76.03606557,12.10564472,117.914,122.0738889,6.9102778,5,67,08/03/2020,06/05/2020,-43.95,-31.1,-23.05,-44.1,-33.36666667,16.71666667,53,8951.085654,NA,NA,18.06979891,NA,7.2,69.3,0.090853631,73.08633333
Moscow,Russia,1.4747,16555000,2900,4.859375,59.9953125,13.23030201,59.0502,37.6155556,55.7522222,190,66,07/03/2020,05/05/2020,-19.97254902,-6.581372549,-12.58823529,-17.28921569,-22.08431373,7.193137255,99,27147.33358,NA,NA,16.16022381,NA,19.4,71.9,0.088777051,55.38683333
St. Petersburg,Russia,1.47,5415000,4000,3.516666667,65.79,13.36937094,55.37408,30.31413,59.93863,75,65,06/03/2020,04/05/2020,-19.01862745,-6.050980392,-11.84019608,-16.3745098,-21.28431373,6.900980392,99,27147.33358,NA,NA,16.16022381,NA,19.4,71.9,0.088777051,54.10583333
Dakar,Senegal,1.2726,3305000,17000,22.496875,79.346875,12.18954451,118.6732,-17.44405746,14.69370049,27,64,05/03/2020,03/05/2020,-26.21666667,-16.33333333,-26.8,-26,-17.53333333,10.25,54,3782.538613,NA,NA,40.6958259,NA,5.6,66.8,0.04529385,42.36233333
Singapore,Singapore,2.1797,5670000,10900,27.81764706,76.17647059,11.94743633,103.5014,103.850069,1.289668839,15,24,25/01/2020,10/02/2020,NA,NA,NA,NA,NA,NA,92,101531.6302,NA,NA,19.0782565,NA,16,82.9,0.063518231,15.52235294
Mogadishu,Somalia,2.0998,2555000,28200,30.08965517,61.78333333,12.02801109,115.6341,45.34375,2.03711,9,76,17/03/2020,23/04/2020,NA,NA,NA,NA,NA,NA,31,314.54,NA,NA,32.03458423,NA,5.3,55.4,0.049637221,31.14131579
Cape Town,South Africa,1.517,4260000,5200,19.42,60.16333333,11.31178278,77.6541,18.423218,-33.925839,97,70,11/03/2020,09/05/2020,-42.43333333,-23.5,-45.56666667,-44.91666667,-37.26666667,17.91666667,70,13686.88236,NA,NA,25.10220499,NA,7.7,63.6,0.061139736,57.16
Johannesburg-East Rand,South Africa,1.1692,9335000,3600,14.01186441,57.86721311,10.86922846,74.77194,28.04363251,-26.20226995,1694,99,09/04/2020,07/06/2020,-62.08333333,-34.65,-54.08333333,-72.28333333,-59.3,31.86666667,70,13686.88236,NA,NA,25.10220499,NA,7.7,63.6,0.061139736,86.48
Busan,South Korea,1.4794,3385000,8400,10.55102041,55.86326531,11.91735163,77.17972,129.03004,35.10168,69,53,23/02/2020,11/04/2020,-22.08139535,-3.76744186,9.558139535,-18.44186047,-6.61627907,7.779069767,97,40111.77576,32887,23,25.03942539,21.8,17.7,82.7,0.091768963,52.32673469
Daegu,South Korea,2.5228,2340000,9500,6.753846154,63.96923077,11.08547144,55.9375,128.591111,35.870278,54,49,19/02/2020,02/03/2020,-9,-2,-15.5,-9,-0.666666667,4,97,40111.77576,25661,26,25.03942539,20.2,17.7,82.7,0.091768963,31.48
Daejon,South Korea,1.1739,1465000,8100,8.781132075,56.11886792,11.98961628,79.35324,127.38493,36.349129,69,53,23/02/2020,15/04/2020,-21.55319149,-3.021276596,13.90425532,-18.0212766,-6.70212766,7.670212766,97,40111.77576,30818,26.1,25.03942539,17.1,17.7,82.7,0.091768963,54.10811321
Seoul-Incheon,South Korea,1.5217,24315000,8900,3.642592593,54.49814815,10.72729489,53.83342,126.9784,37.566,86,20,21/01/2020,14/03/2020,-19.06666667,-5.033333333,-7.566666667,-15.43333333,-4.066666667,6.566666667,97,40111.77576,43909,25.3,25.03942539,17,17.7,82.7,0.091768963,19.68462963
Ulsan,South Korea,3.2372,910000,5400,7.4125,69.05,11.15088551,49.47671,129.3166667,35.5372222,32,53,23/02/2020,01/03/2020,-9.5,0,-14.75,-10.25,-1,3.5,97,40111.77576,72018,22.6,25.03942539,13.4,17.7,82.7,0.091768963,31.48
Madrid,Spain,1.5687,6345000,4700,9.178333333,74.285,10.00609333,41.76737,-3.70256424,40.41650209,690,1,02/01/2020,01/03/2020,1,1,32.5,5.5,-0.5,-2,85,39715.43906,50434,9.6,9.697927863,26.6,28.5,83.1,0.111704547,4.018510638
Khartoum,Sudan,1.4794,5685000,5600,NA,NA,12.54184632,128.1083,32.53240585,15.55177187,382,98,08/04/2020,20/05/2020,NA,NA,NA,NA,NA,NA,57,4759.281882,NA,NA,55.37083444,NA,6.3,65.1,0.071892331,81.41744186
Stockholm,Sweden,1.2397,1585000,3700,4.524137931,66.14482759,12.63611995,51.06515,18.06871,59.32938,44,58,28/02/2020,25/04/2020,-23.56140351,-9.49122807,-4.736842105,-27.29824561,-22.50877193,8.561403509,92,53208.88436,68540,5.8,6.18466509,24.2,31.1,82.4,0.150263197,26.97948276
Bangkok,Thailand,2.0387,16045000,5300,29.625,72.27321429,11.74023467,103.9448,100.501444,13.753979,2,31,01/02/2020,27/03/2020,-3.392857143,1.535714286,-7.785714286,-8.821428571,-1.035714286,2.392857143,85,19051.33338,NA,NA,26.25672656,NA,14.8,75.5,0.073142828,2.976428571
Chon Buri,Thailand,2.3818,575000,3500,29.64565217,71.06521739,11.78209526,103.9433,100.983454,13.362199,1,39,09/02/2020,25/03/2020,-3.115384615,1.692307692,-7.576923077,-8.269230769,-0.576923077,2.230769231,85,19051.33338,NA,NA,26.25672656,NA,14.8,75.5,0.073142828,2.536521739
Phuket,Thailand,1.5922,875000,7200,31.11666667,67.51666667,12.06732685,123.8111,98.39810371,7.890588474,2,80,21/03/2020,07/04/2020,-14.16666667,-2.277777778,-18.5,-23.22222222,-8.388888889,6,85,19051.33338,NA,NA,26.25672656,NA,14.8,75.5,0.073142828,35.00444444
Udon Thani,Thailand,8.6281,550000,7600,30.06923077,64.19230769,12.14445059,115.05,102.785889,17.415667,177,82,23/03/2020,04/04/2020,-10.76923077,-1.076923077,-16.15384615,-20.61538462,-7.769230769,5.461538462,85,19051.33338,NA,NA,26.25672656,NA,14.8,75.5,0.073142828,33.83153846
Belfast,United Kingdom,1.6016,630000,3700,8.345,75.7,13.26906264,65.35688,-5.92541,54.59682,81,87,28/03/2020,16/04/2020,-54.9,-15.3,-26.3,-59.95,-50.15,18.35,93,45973.5735,42701,9.3,10.47269039,25.9,28.2,81.4,0.162728208,56.9445
Birmingham,United Kingdom,1.5828,2585000,4100,6.417142857,76.10857143,11.9154708,47.08225,-1.899829111,52.48142139,96,61,02/03/2020,05/04/2020,-7.028571429,3.171428571,-1.657142857,-9.971428571,-6.942857143,2.457142857,93,45973.5735,36230,11.2,10.47269039,26.5,28.2,81.4,0.162728208,14.17885714
Leeds-Bradford,United Kingdom,1.3337,1875000,3600,6.686666667,75.73,12.58148902,61.02449,-1.547849178,53.79648126,267,58,28/02/2020,27/04/2020,-31.26271186,-10.51694915,-2.161016949,-32.53389831,-27.81355932,10.50847458,93,45973.5735,36549,10.8,10.47269039,26.9,28.2,81.4,0.162728208,38.02416667
Leicester,United Kingdom,1.4089,545000,4700,8.106060606,71.95454545,12.53239867,58.44722,-1.131693707,52.63859977,107,71,12/03/2020,13/04/2020,-24.15151515,-0.484848485,-8.212121212,-28.66666667,-17.36363636,6.96969697,93,45973.5735,37306,11.4,10.47269039,26,28.2,81.4,0.162728208,30.97575758
Liverpool,United Kingdom,1.4888,9.00E+05,4300,7.385714286,75.54878049,12.19414111,54.61689,-2.977938652,53.41058068,8,62,03/03/2020,12/04/2020,-16.56097561,-1.926829268,-3.780487805,-18.7804878,-15.36585366,5.609756098,93,45973.5735,32913,10.2,10.47269039,29.7,28.2,81.4,0.162728208,25.42829268
London,United Kingdom,1.4512,10840000,5600,6.849152542,78.13728814,11.45831332,44.11322,-0.125741959,51.50852878,5,42,12/02/2020,10/04/2020,-18.02380952,0.142857143,-5.452380952,-20.61904762,-16.5952381,7.214285714,93,45973.5735,68496,12.5,10.47269039,20.5,28.2,81.4,0.162728208,18.36101695
Manchester,United Kingdom,1.4653,2705000,4100,7.844186047,72.98604651,12.33493891,55.94679,-2.2333333,53.45,35,63,04/03/2020,15/04/2020,-27.25581395,-6.441860465,-12.34883721,-27.88372093,-20.41860465,7.88372093,93,45973.5735,40712,10.9,10.47269039,26.1,28.2,81.4,0.162728208,29.5427907
Newcastle upon Tyne,United Kingdom,1.4794,810000,4300,6.117073171,77.52926829,12.16861674,51.98673,-1.613960266,54.97327874,145,62,03/03/2020,11/04/2020,-19.625,-1.25,2.575,-16.4,-13.8,5.625,93,45973.5735,31877,8.6,10.47269039,30.5,28.2,81.4,0.162728208,24.07325
Nottingham,United Kingdom,1.2585,780000,4100,8.037704918,71.51967213,12.63166035,60.79952,-1.150474548,52.9536023,117,59,29/02/2020,28/04/2020,-36.9,-9.233333333,4.65,-35.2,-28.33333333,10.25,93,45973.5735,35585,11.5,10.47269039,26.2,28.2,81.4,0.162728208,39.16616667
Sheffield,United Kingdom,1.6251,725000,4100,5.151515152,79.37575758,11.84209913,46.16609,-1.465902328,53.38297,267,61,02/03/2020,03/04/2020,-1.212121212,4.878787879,4.757575758,-6.757575758,-5.181818182,1.878787879,93,45973.5735,30573,11.6,10.47269039,28.2,28.2,81.4,0.162728208,12.5130303
Southampton-Portsmouth,United Kingdom,1.2021,915000,4500,9.321666667,70.915,12.90013498,67.77808,-1.404282055,50.90394649,91,64,05/03/2020,03/05/2020,-41.14166667,-12.025,-8.916666667,-34.29166667,-32.36666667,12.19298246,93,45973.5735,42854,10.9,10.47269039,31.5,28.2,81.4,0.162728208,44.87616667
Albany,United States,1.1739,625000,800,6.629787234,60.77446809,12.72465778,68.10899,-73.7562317,42.6525793,53,72,13/03/2020,27/04/2020,-32.17391304,1.217391304,23.28888889,-32.41304348,-29.60869565,12.41304348,92,62794.58565,61945,5.4,7.409441662,26.8,22.1,78.5,0.113277463,60.28695652
Austin,United States,1.3525,1805000,1000,19.65,68.06363636,12.52337814,80.1131,-97.7430608,30.267153,189,86,27/03/2020,17/04/2020,-39.54545455,-10.72727273,-18.04545455,-55.77272727,-44.86363636,19,92,62794.58565,64003,7.5,7.409441662,15.7,22.1,78.5,0.113277463,62.60409091
Charleston,United States,1.7943,655000,700,20.23,72.02666667,12.07657858,83.96832,-79.9309216,32.7765656,15,67,08/03/2020,06/04/2020,-2.433333333,2.466666667,6.433333333,-4.4,-6.8,2.733333333,92,62794.58565,51423,7.1,7.409441662,22.8,22.1,78.5,0.113277463,30.27666667
Dallas-Fort Worth,United States,1.188,6550000,1100,18.64,69.91,12.6902652,86.96702,-96.8066667,32.7830556,183,71,12/03/2020,10/05/2020,-24.61666667,-3.866666667,0.441666667,-37.3,-29.95,12.43333333,92,62794.58565,64205,8.3,7.409441662,17.2,22.1,78.5,0.113277463,54.99933333
Denver,United States,1.2303,2690000,1400,7.693333333,54.38666667,12.68740086,104.7847,-104.9847034,39.7391536,1656,66,07/03/2020,05/05/2020,-33.23333333,-3.5,1.166666667,-44.31666667,-31.4,13.23333333,92,62794.58565,69259,5.8,7.409441662,19,22.1,78.5,0.113277463,55.269
Des Moines,United States,1.1927,515000,900,11.30307692,65.52461538,13.52377131,88.35496,-93.6091064,41.6005448,291,85,26/03/2020,23/05/2020,-35.3220339,3.745762712,67.16949153,-30.77966102,-39.42372881,15.08474576,92,62794.58565,70786,7.3,7.409441662,20.6,22.1,78.5,0.113277463,64.98627119
El Paso,United States,1.376,905000,1200,15.99545455,26.93409091,12.51767302,119.4132,-106.4869314,31.7587198,1478,74,15/03/2020,27/04/2020,-23.5,-2.068181818,-43.65909091,-16.06818182,-26.68181818,11.70454545,92,62794.58565,36530,9.7,7.409441662,18.8,22.1,78.5,0.113277463,51.75590909
Fresno,United States,1.2538,735000,1500,16.51,56.03333333,12.69099072,98.51024,-119.7723661,36.7477272,155,68,09/03/2020,07/05/2020,-20.15,-0.066666667,-18,-23.21666667,-24.21666667,9.233333333,92,62794.58565,44954,12.2,7.409441662,19.6,22.1,78.5,0.113277463,60.38766667
Hartford,United States,1.4559,980000,700,6.507317073,59.92439024,12.65934745,71.51143,-72.6850932,41.7637111,53,74,15/03/2020,23/04/2020,-24.875,-2.25,26.375,-30.15,-26.05,11.425,92,62794.58565,78196,6.4,7.409441662,26.2,22.1,78.5,0.113277463,55.843
Honolulu,United States,1.6721,865000,1800,23.18666667,72.82,12.0463651,101.8078,-157.8583333,21.3069444,16,67,08/03/2020,06/04/2020,-7.733333333,1.8,-11.03333333,-12.96666667,-6.733333333,3.966666667,92,62794.58565,NA,NA,7.409441662,NA,22.1,78.5,0.113277463,25.55533333
Houston,United States,NA,6315000,1100,23.67777778,67.7,13.20335945,105.9081,-95.3632715,29.7632836,29,109,19/04/2020,15/05/2020,-36.51851852,-14.22222222,-19.62962963,-54.03703704,-45.07407407,19.03703704,92,62794.58565,64309,9.1,7.409441662,16.9,22.1,78.5,0.113277463,77.07518519
Kansas City,United States,3.5474,1735000,900,8.35,79.2,12.14069033,64.91351,-94.5785667,39.0997266,312,79,20/03/2020,27/03/2020,13.25,13,39.875,9.375,6.625,-1.75,92,62794.58565,59778,7.2,7.409441662,22.8,22.1,78.5,0.113277463,16.84125
Los Angeles,United States,2.0481,15440000,2300,16.07166667,58.23666667,11.18204171,72.27348,-118.2436849,34.0522342,38,26,27/01/2020,26/03/2020,2.111111111,3.222222222,7.592592593,-2,0.37037037,0.222222222,92,62794.58565,65368,9.2,7.409441662,20.3,22.1,78.5,0.113277463,10.13916667
Milwaukee,United States,1.5123,1430000,1000,5.841666667,70.32083333,12.2584474,62.26214,-87.9064736,43.0389025,203,73,14/03/2020,06/04/2020,-6.125,9.291666667,29.79166667,-9.916666667,-9.166666667,4.25,92,62794.58565,62416,8,7.409441662,23.9,22.1,78.5,0.113277463,31.01875
New York,United States,1.8836,21045000,1700,5.752,72.936,11.89948654,61.01186,-74.0059729,40.7142691,48,65,06/03/2020,30/03/2020,-8,3.96,2.08,-9.2,-3.84,2.52,92,62794.58565,85565,7.5,7.409441662,23.7,22.1,78.5,0.113277463,25.036
Philadelphia,United States,1.5828,5780000,1000,10.66285714,60.6,12.33921122,66.34668,-75.163789,39.952335,6,70,11/03/2020,14/04/2020,-17.48571429,-2.285714286,0.742857143,-24.74285714,-21.57142857,8.6,92,62794.58565,69847,8.2,7.409441662,24.1,22.1,78.5,0.113277463,39.93257143
Richmond,United States,NA,1060000,700,NA,NA,NA,NA,NA,NA,NA,82,NA,NA,NA,NA,NA,NA,NA,NA,92,62794.58565,64296,7,7.409441662,23.5,22.1,78.5,0.113277463,NA
Sacramento,United States,1.3713,1995000,1400,13.67454545,64.78214286,12.0090946,80.02782,-121.4943996,38.5815719,9,52,22/02/2020,17/04/2020,-12.55102041,1.469387755,10.10204082,-21.51020408,-17.51020408,6.734693878,92,62794.58565,58829,7.1,7.409441662,23.6,22.1,78.5,0.113277463,38.44321429
Salt Lake,United States,1.1457,2260000,1200,11.353125,43.9078125,13.01101715,109.7468,-111.8910474,40.7607794,1288,73,14/03/2020,12/05/2020,-28.06666667,-1.2,23.8,-42.48333333,-31.23333333,12.26666667,92,62794.58565,65000,7.4,7.409441662,16.3,22.1,78.5,0.113277463,53.45566667
San Diego,United States,1.6298,3175000,1600,16.33508772,70.54385965,11.69231423,82.08049,-117.16472,32.71571,4,42,12/02/2020,08/04/2020,-8.65,-0.425,-5.475,-15.95,-10.325,5.275,92,62794.58565,69534,8.8,7.409441662,20.7,22.1,78.5,0.113277463,26.12122807
San Francisco-San Jose,United States,1.329,6100000,2100,12.33333333,69.16428571,12.25203985,81.34706,-122.4194155,37.7749295,3,65,06/03/2020,16/04/2020,-28.79761905,-5.488095238,-5.928571429,-38.07142857,-31.69047619,14.72619048,92,62794.58565,123979,7.5,7.409441662,21.8,22.1,78.5,0.113277463,45.85666667
Sarasota,United States,1.4794,710000,800,24.27931034,67.80344828,12.20983139,103.5491,-82.5306527,27.3364347,29,73,14/03/2020,11/04/2020,-14.17241379,-0.034482759,-3.896551724,-7.24137931,-14.4137931,5.620689655,92,62794.58565,39567,6.2,7.409441662,59.1,22.1,78.5,0.113277463,44.37862069
St. Louis,United States,1.5264,2295000,900,11.26944444,64.03333333,12.24045806,64.1294,-90.197778,38.627222,184,68,09/03/2020,12/04/2020,-11.57142857,5.228571429,19.42857143,-11.34285714,-14.31428571,5.485714286,92,62794.58565,59070,8.5,7.409441662,25.2,22.1,78.5,0.113277463,34.10057143
Tulsa,United States,1.9541,730000,800,12.4483871,75.25806452,12.0869181,65.15032,-95.992775,36.1539816,394,67,08/03/2020,06/04/2020,-1.333333333,9.666666667,18.76666667,3.666666667,-6.266666667,2.266666667,92,62794.58565,53915,8.3,7.409441662,24.4,22.1,78.5,0.113277463,25.67766667
Virginia Beach-Norfolk,United States,NA,1475000,1100,NA,NA,NA,NA,NA,NA,NA,70,NA,NA,NA,NA,NA,NA,NA,NA,92,62794.58565,55560,6.8,7.409441662,20.3,22.1,78.5,0.113277463,NA
Washington-Baltimore City,United States,1.2303,7515000,1300,12.67884615,64.35961538,12.87286272,74.45949,-77.0363658,38.8951118,4,75,16/03/2020,06/05/2020,-35.47115385,-14.81730769,-10.375,-40.64423077,-38.81730769,15.16346154,92,62794.58565,106789,7.7,7.409441662,20.4,22.1,78.5,0.113277463,62.14538462
Wichita,United States,NA,510000,800,NA,NA,NA,NA,NA,NA,NA,136,NA,NA,NA,NA,NA,NA,NA,NA,92,62794.58565,NA,NA,7.409441662,NA,22.1,78.5,0.113277463,NA
